clubs,,
Randers FC,,
Aston Villa,,
Würzburg,,
Gillingham,,
Wigan Athletic,,
Standard Liège,,
Millwall,,
Atlético Mineiro,,
Venezia,,
AFC Bournemouth,,
Nott'm Forest,,
Odisha FC,,
Bradford City,,
SV Waldhof,,
Platense,,
Union Berlin,,
Viktoria Berlin,,
Santos,,
USL Dunkerque,,
Bristol Rovers,,
Aarhus AGF,,
1. FC Köln,,
Empoli,,
Central Córdoba,,
Leeds United,,
FK Austria Wien,,
FC Bayern München,,
Jamshedpur FC,,
Milan,,
Blackburn Rovers,,
AFC Wimbledon,,
Arsenal,,
Harrogate Town,,
West Brom,,
KAA Gent,,
KV Oostende,,
Independiente,,
Rostock,,
Colón,,
Aalborg BK,,
Fürth,,
OM,,
Coventry City,,
,,
LOSC Lille,,
,,
VfL Bochum,,
Sheffield Wed,,
,,
Swansea City,,
Admira Wacker,,
Leicester City,,
Huddersfield,,
AC Ajaccio,,
Blackpool,,
SC Bastia,,
FC Metz,,
Sunderland,,
Sheffield Utd,,
Tianjin JMT,,
Bengaluru FC,,
AS Nancy Lorraine,,
Hallescher FC,,
Hertha Berlin,,
Frankfurt,,
Rodez AF,,
SK Sturm Graz,,
OGC Nice,,
Hannover 96,,
Türkgücü,,
RFC Seraing,,
Latium**,,
Bristol City,,
Cangzhou Lions,,
SV Sandhausen,,
Arsenal,,
Stade Rennais FC,,
San Lorenzo,,
Hebei FC,,
Chelsea,,
Doncaster,,
Heidenheim,,
Saarbrücken,,
Düsseldorf,,
TSV Havelse,,
Spurs,,
Aldosivi,,
Peterborough,,
VfL Wolfsburg,,
OH Leuven,,
Colchester,,
Patronato,,
Torino,,
Spezia,,
Lincoln City,,
Newcastle Utd,,
Luton Town,,
Gimnasia,,
Vélez Sarsfield,,
Atlético Tucumán,,
Rochdale,,
Estudiantes,,
Northampton,,
Tranmere Rovers,,
WS Wanderers,,
Southampton,,
SV Darmstadt 98,,
Well. Phoenix,,
Hamburger SV,,
Plymouth Argyle,,
Walsall,,
Brisbane Roar,,
Wycombe,,
Macarthur FC,,
VfL Osnabrück,,
Middlesbrough,,
Valenciennes FC,,
Bologna,,
Atlético-GO,,
Barrow,,
Sp. Charleroi,,
FSV Zwickau,,
Western United,,
Braunschweig,,
Brighton,,
Cercle Brugge,,
Montpellier,,
Newport County,,
Kerala Blasters,,
Central Coast,,
Changchun Yatai,,
Austria Klagenfurt,,
SK Rapid Wien,,
K Beerschot VA,,
Crystal Palace,,
KAS Eupen,,
TSG Hoffenheim,,
Watford,,
Regensburg,,
Stade de Reims,,
Rotherham Utd,,
Shandong Taishan,,
Toulouse FC,,
Manchester City,,
Guangzhou FC,,
Leyton Orient,,
Preston,,
FCSM,,
Odense BK,,
Liverpool,,
Cambridge Utd,,
KV Kortrijk,,
1860 München,,
FC St. Pauli,,
West Ham,,
Beijing Guoan,,
Club Brugge,,
Swindon Town,,
Exeter City,,
Norwich,,
SV Werder Bremen,,
Chennaiyin FC,,
FC Lorient,,
RB Salzburg,,
Sydney FC,,
Burnley,,
AS Saint-Étienne,,
TSV Hartberg,,
SM Caen,,
Hull City,,
Bordeaux,,
VfB Stuttgart,,
Wuhan FC,,
1. FC Nürnberg,,
Bergamo Calcio**,,
Forest Green,,
SC East Bengal,,
Qingdao FC,,
AJ Auxerre,,
Salernitana,,
Derby County,,
Mumbai City FC,,
Burton Albion,,
Pau FC,,
Talleres,,
Reading,,
Crewe Alexandra,,
SVWW,,
Viktoria Köln,,
Havre AC,,
SV Ried,,
Dynamo Dresden,,
KRC Genk,,
Borussia Dortmund,,
Roma,,
Bahia,,
Dijon FCO,,
Shenzhen FC,,
Ceará SC,,
Newell's,,
Cheltenham Town,,
River Plate,,
Nîmes Olympique,,
SCR Altach,,
Brentford,,
Grenoble Foot 38,,
Wolves,,
MSV Duisburg,,
Niort,,
Chapecoense,,
Sutton United,,
Dalian Pro,,
Juventude,,
1. FSV Mainz 05,,
Kaiserslautern,,
Ipswich,,
FC Ingolstadt 04,,
Amiens SC,,
Clermont Foot 63,,
MK Dons,,
SC Freiburg,,
LASK,,
Sarmiento,,
M'gladbach,,
Perth Glory,,
Silkeborg IF,,
Angers SCO,,
Strasbourg,,
Morecambe,,
Carlisle United,,
Stade Brestois 29,,
Inter,,
KV Mechelen,,
CSL,,
Piemonte Calcio**,,
Accrington,,
ATK Mohun Bagan,,
Defensa,,
Stevenage,,
NorthEast United,,
Adelaide United,,
Vejle Boldklub,,
Hyderabad FC,,
Cagliari,,
Union SG,,
1. FC Magdeburg,,
Mansfield Town,,
Huracán,,
Guangzhou City,,
Newcastle Jets,,
Stoke City,,
Grêmio,,
Melbourne City,,
Barnsley,,
WSG Tirol,,
Holstein Kiel,,
FC Midtjylland,,
ESTAC Troyes,,
En Avant Guingamp,,
Godoy Cruz,,
Cardiff City,,
Quevilly Rouen,,
Athletico-PR,,
Bolton,,
Birmingham City,,
Arminia Bielefeld,,
Hartlepool,,
Genoa,,
Hellas Verona,,
Napoli,,
Oxford United,,
Fulham,,
Fleetwood Town,,
Shrewsbury,,
SC Freiburg II,,
Brøndby IF,,
Sassuolo,,
FC Schalke 04,,
SC Verl,,
Sint-Truiden,,
Melb. Victory,,
Racing Club,,
RB Leipzig,,
FC Erzgebirge Aue,,
Portsmouth,,
FC Augsburg,,
Lanús,,
OL,,
Zulte Waregem,,
Unión,,
Fluminense,,
Paris FC,,
Manchester Utd,,
Fortaleza,,
RSC Anderlecht,,
FC Nantes,,
Everton,,
Karlsruher SC,,
Udinese,,
QPR,,
Rosario Central,,
RC Lens,,
Shanghai Shenhua,,
Wolfsberger AC,,
Banfield,,
Salford City,,
Paris SG,,
B. Dortmund II,,
Shanghai Port,,
Oldham Athletic,,
Leverkusen,,
FC Nordsjælland,,
SønderjyskE,,
Scunthorpe Utd,,
SC Paderborn 07,,
Sampdoria,,
Crawley Town,,
Port Vale,,
Fiorentina,,
Royal Antwerp FC,,
F.C. København,,
Chongqing LJ Ath,,
Argentinos Jrs.,,
SV Meppen,,
Charlton Ath,,
AS Monaco,,
Boca Juniors,,
FC Goa,,
Internacional,,
Viborg FF,,
Cuiabá,,
Henan Songshan,,
HERO ISL,,