Countries,Teams Names
Romania,Gaz Metan Mediaş
Nicaragua,CD Junior Managua
Iran,Rah Ahan
Ireland,St Patrick's
Poland,Zagłębie Lubin
Czech Republic,Teplice
Congo DR,Bukavu Dawa
Ireland,Shelbourne
Qatar,Al-Shahania S.C.
Latvia,FC Daugava
South Africa,Stellenbosch FC
Cameroon,Botafogo FC
Moldova,Dinamo Bender
Serbia,Borac Čačak
Syria,Tanzania
Angola,1º de Maio
Nicaragua,Real Madriz
Jamaica,Humble Lions
Morocco,Rapide Club Oued Zem
Ukraine,Chornomorets Odesa
England,Watford
Romania,Unirea Urziceni
Syria,Vanuatu
Belgium,Sporting Charleroi
Chile,Everton CD
Saudi Arabia,Damac FC
Syria,Germany
Romania,FC Vaslui
Portugal,FC Porto
Slovenia,Mura 05
Zimbabwe,Bulawayo City FC
Saudi Arabia,Al-Orobah FC
Sweden,Elfsborg
Nigeria,Go Round
Syria,Nicaragua
Azerbaijan,Səbail FK
China PR,Henan Songshan Longmen F.C.
India,Northeast United FC
Syria,Mexico
Congo DR,TP Mazembe
Montenegro,Sutjeska
Nigeria,Akwa Starlets
Zimbabwe,Ngezi Platinum FC
Tunisia,Club Olympique de Médenine
Switzerland,Young Boys
Peru,Universitario de Deportes
Belgium,RSC Anderlecht
Sweden,Brommapojkarna
Turkey,Kayserispor
Mexico,Lobos B.U.A.P.
Brazil,Brasilia
Uzbekistan,Navbahor Namangan
Mali,AS Police
Hungary,Zalaegerszegi TE
United Arab Emirates,Al-Dhafra
United States,Atlanta United FC
El Salvador,CD Sonsonate
Brazil,Flamengo
Fiji,Rewa
Hungary,Pécsi MFC
Thailand,TOT
Syria,Czech Republic
Belarus,Neman Grodno
Ukraine,SC Dnipro-1
Lebanon,Salam Zgharta
Thailand,Bangkok United
Greece,PAOK FC
Nigeria,Ikorodu United
Zambia,ZESCO United
Chile,Unión Española
Ecuador,El Nacional
Zimbabwe,Eagles
India,Mahindra United
Wales,Penybont FC
Italy,Juventus
Syria,Spain
Italy,Brescia
Slovenia,Primorje
Turkey,Karabükspor
Trinidad and Tobago,Central
Italy,Sampdoria
Zimbabwe,Tsholotsho
Peru,San Simon
Sweden,BK Häcken
Syria,Tahiti
Jamaica,Maverly Hughenden FC
Cameroon,Lion Blessé
Norway,Ranheim
New Zealand,Eastern Suburbs
Turkey,İstanbul Başakşehir
Portugal,Portimonense
France,Sochaux
Syria,Uganda
Azerbaijan,FC Kapaz
Ethiopia,St. George
Syria,Serbia
Saudi Arabia,Al Feiha
Thailand,Buriram United
Germany,Wolfsburg
Syria,Portugal
Mali,Sabana de Mopti
Austria,FC Wacker Innsbruck
Algeria,ES Sétif
Belarus,Gomel
Croatia,Zaprešić
Ukraine,Rukh Vynnyky
Romania,Ceahlăul Piatra
Netherlands,Roda JC Kerkrade
Thailand,Sisaket FC
Angola,FC Bravos DO Maquis
Argentina,Unión Santa Fe
Poland,Jagiellonia Białystok
Syria,Slovenia
Romania,Steaua Bucureşti
Netherlands,PEC Zwolle
Wales,Llandudno FC
United States,Sporting Kansas City
Syria,Honduras
Peru,Deportivo Llacuabamba
Zimbabwe,Chicken Inn FC
Spain,Eibar
Chile,Colo Colo
Iran,Shahin Bushehr FC
Ivory Coast,Williamsville Athletic Club
India,Chennai City FC
Zambia,Mufulira Wanderers
Syria,Turkey
Serbia,Radnički Niš
Wales,Welshpool Town
Nigeria,Enugu Rangers
Guatemala,Xinabajul
France,Monaco
Lebanon,Al Egtmaaey Tripoli
Tunisia,Etoile du Sahel
Syria,El Salvador
China PR,Changchun Yatai
Honduras,Deportivo Savio
Angola,PA Sambizanga
Brazil,Criciúma
Uruguay,Liverpool
Jamaica,Dunbeholden FC
Spain,Real Zaragoza
Thailand,Nakhon Ratchasima FC
Estonia,Paide Linnameeskond
Northern Ireland,Crusaders
Romania,Dinamo Bucureşti
Egypt,El Zamalek
Papua New Guinea,Hekari United
United States,Inter Miami CF
Paraguay,General Díaz
Montenegro,Mogren
Chile,Cobresal
Sweden,Halmstads BK
El Salvador,Santa Tecla FC
Tunisia,Béni-Khalled
Czech Republic,Slovan Liberec
Ecuador,LDU Portoviejo
Latvia,FK Liepājas Metalurgs
Belgium,Cercle Brugge
Belgium,Oud-Heverlee Leuven
Bolivia,Real Santa Cruz
Nigeria,Kano Pillars
Guatemala,Deportivo Sanarate
Syria,Armenia
Syria,Uruguay
Cameroon,Canon Sportif
Israel,Hapoel Ashkelon
Portugal,Arouca
Peru,CNI
Qatar,Al Mesaimeer
Sweden,AIK
Slovakia,Ružomberok
Belgium,Waasland-Beveren
Egypt,Al Masry
Cyprus,APEP
France,Guingamp
South Africa,Lamontville Golden Arrows
Sweden,Trelleborgs FF
Ecuador,Deportivo Quito
Serbia,Rad Beograd
Indonesia,Madura United
Bosnia and Herzegovina,Mladost Velika
Angola,Interclube de Angola
Cook Islands,Tupapa Maraerenga
Slovakia,Skalica
Brazil,Botafogo RJ
New Zealand,Tasman United
Czech Republic,FC Zbrojovka Brno
Guatemala,Coatepeque
Ukraine,Vorskla Poltava
El Salvador,Dragón
Macedonia,Akademija Pandev
Romania,CS Universitatea Craiova
Morocco,Chabab Rif Al Hoceima
Jordan,Al-Yarmouk FC
Croatia,Hrvatski Dragovoljac
China PR,Tianjin Tianhai
Venezuela,Gran Valencia FC
Chile,Melipilla
Lithuania,FK Atlantas
United States,LA Galaxy
Lithuania,Ekranas
Panama,Santa Gema FC
Nigeria,MFM FC
Solomon Islands,Marist
Trinidad and Tobago,Police
Indonesia,Persiwa Wamena
Poland,Zawisza Bydgoszcz
El Salvador,Alacranes del Norte
Trinidad and Tobago,T&TEC
Ivory Coast,ASI D'Abengourou
Nigeria,Heartland FC
Finland,IFK Mariehamn
Finland,HJK Helsinki
England,Queens Park Rangers
Paraguay,2 de Mayo
Peru,Sporting Cristal
Mali,Olympique de Missira
Ivory Coast,Club Omnisports de Korhogo (CIV)
Syria,Sweden
Austria,Austria Wien
Ivory Coast,AS Tanda
Trinidad and Tobago,South End
Niger,Sahel
Chile,CD Antofagasta
Cameroon,Yafoot FC Yaounde 2
Venezuela,Llaneros de Guanare
Russia,FC Ufa
Turkey,Kasımpaşa
Puerto Rico,San Juan FC
China PR,Tianjin Jinmen Tiger F.C.
Argentina,Arsenal de Sarandí
Ivory Coast,Bouaké FC
Syria,Fiji
England,AFC Bournemouth
Ghana,Bibiani Gold Stars F.C.
Syria,Cyprus
Cyprus,AEZ Zakakiou
Congo DR,FC MK
Syria,Ireland
Zimbabwe,Manica Diamonds
Panama,San Francisco FC
Iceland,Stjarnan
Syria,Papua New Guinea
Argentina,Olimpo
Portugal,Belenenses
Syria,France
Azerbaijan,Karvan
Canada,FC Edmonton
Brazil,Corinthians
Spain,SD Huesca
Kazakhstan,Lokomotiv Astana
Jordan,Al-Jalil
Peru,Molinos El Pirata FC
Tahiti,Venus
Italy,Lazio
India,Mumbai FC
Syria,Egypt
Ghana,Ashanti Gold FC
Zimbabwe,Chiredzi FC
Cameroon,Coton Sport
India,Arrows
Italy,Hellas Verona
United States,Real Salt Lake
Denmark,Esbjerg fB
Syria,Montenegro
Syria,Morocco
Serbia,FK Bačka Palanka
Syria,Brazil
Hong Kong,Eastern Sports Club
France,Metz
Croatia,NK Istra 1961
Argentina,Patronato de Parana
South Korea,Suwon FC
Syria,Australia
Bosnia and Herzegovina,Sloboda Tuzla
Paraguay,Deportivo Capiatá
Tunisia,AS Slimane
Moldova,Gagauziya
Hungary,Újpest
Ivory Coast,Entente Sportive du Bafing
Northern Ireland,Ards
Ghana,Tema Youth
Zimbabwe,Hwange
Zambia,Indeni FC
Syria,Nigeria
Guatemala,Deportivo Marquense
Denmark,FC Helsingør
Syria,South Korea
Lebanon,Shabab El Bourj SC
Austria,SV Ried
United Arab Emirates,Al Nasr
Venezuela,Caracas
Slovakia,Spartak Myjava
Nigeria,Bayelsa United
Tunisia,Hamam Sousse
Romania,Sepsi OSK
United Arab Emirates,Al Ahli
Argentina,Lanús
Syria,Solomon Islands
Argentina,Nueva Chicago
Jordan,Al Asalah
Montenegro,Petrovac
Finland,AC Oulu
Uruguay,Rampla Juniors
Syria,Singapore
Serbia,Topolski Sportski Club
Germany,Borussia Mönchengladbach
Ecuador,Liga de Loja
Syria,Lithuania
Slovenia,NK Celje
Belgium,Mons
Argentina,Belgrano
Sudan,Al Hilal Port Sudan
Indonesia,Mitra Kukar
Albania,KF Tirana
Spain,Leganes
Ghana,Eleven Wise
Israel,Hapoel Nof HaGalil
Czech Republic,Dukla Praha
Niger,Dan Kassawa
Northern Ireland,Institute FC
Poland,Gornik Zabrze
Egypt,Al Nasr FC
Argentina,Vélez Sarsfield
United Arab Emirates,Al-Jazira
Finland,RoPS Rovaniemi
Saudi Arabia,Ohod Saudi FC
Syria,Nigeria
Peru,Carlos A. Mannucci
Poland,Sandecja Nowy Sącz
Iran,Gostaresh Foolad
Iran,Malavan
Bosnia and Herzegovina,GOŠK Gabela
Bulgaria,Lyubimets
United Arab Emirates,Hatta
Paraguay,Cerro Porteño PF
Costa Rica,AD Grecia FC
Tunisia,US Tataouine
Argentina,Boca Juniors
England,Southampton
Uruguay,Villa Teresa
Egypt,El Geish
Kazakhstan,Kairat Almaty
Iran,Esteghlal Ahvaz
Romania,Astra Ploieşti
Syria,Turkey
Cameroon,Bamboutos
Slovakia,Dubnica
Mexico,San Luis FC
Syria,Denmark
Syria,New Zealand
Denmark,AC Horsens
Syria,Paraguay
South Africa,sekhukhune united fc
Venezuela,Zulia
England,Newcastle United
Mexico,Toluca FC
England,Wigan Athletic
Brazil,Palmeiras
Israel,Hapoel Ramat Gan
Zambia,Green Buffaloes
Algeria,WA Tlemcen
Sweden,IFK Värnamo
Belarus,Smolevichy
Japan,Sagan Tosu
Japan,Nagoya Grampus Eight
Ukraine,Tavriia
Brazil,Ponte Preta
Switzerland,Lugano
Puerto Rico,Tornados de Humacao
Angola,GD Baixa de Kassanje
Greece,Platanias
China PR,Guangzhou City F.C.
Bulgaria,PFC Lokomotiv Sofia 1929
Bulgaria,Levski Sofia
Ireland,Bohemian FC
Ivory Coast,Denguélé Sport
Spain,Deportivo La Coruña
Latvia,FK Spartaks
Montenegro,FK Bokelj
Wales,Cardiff Met University
New Caledonia,Hienghène Sport
India,Sreenidi Deccan
Syria,Thailand
Switzerland,Zürich
Georgia,Sapovnela
Syria,Poland
Austria,Austria Kärnten
Syria,Belgium
Angola,Sagrada Esperança
Kazakhstan,Aktobe
Sudan,Al Mourada
Italy,Bologna
Denmark,Brøndby
Poland,Wisła Kraków
Denmark,Lyngby
Thailand,Saraburi FC
Slovakia,Podbrezová
Papua New Guinea,Papua New Guinea U20
Mozambique,Liga Muçulmana
Congo DR,Vita Club
Chile,Palestino
Peru,Bolognesi
Chile,Huachipato
Syria,Gibraltar
Latvia,Noah Jūrmala
Egypt,El Dakhleya
Nigeria,Kaduna United FC
Bolivia,Aurora
Germany,Bochum
Iran,Padideh F.C.
Syria,Ukraine
Syria,Iceland
Bosnia and Herzegovina,FK Leotar
India,ONGC FC
Montenegro,Mornar
Kazakhstan,Irtysh Pavlodar
Japan,Tokushima Vortis
Northern Ireland,Larne FC
Ireland,Sporting Fingal
Costa Rica,AS Puma Generaleňa
Romania,Universitatea Cluj
Tunisia,Etoile Metlaoui
Vanuatu,Amicale FC
Morocco,KAC Kénitra
Romania,Internaţional Curtea de Argeş
Niger,Police FC
Thailand,Ubon UMT FC
England,Swansea City
Ivory Coast,San Pedro
South Africa,Royal AM
Belarus,Dnepr Mogilev
Cyprus,Aris Limassol
South Africa,Supersport United
Russia,FK Akhmat Grozny
Hungary,Budafoki MTE
Syria,India
Ukraine,Obolon'
Lebanon,Al Akhaa Al Ahli
Japan,Vissel Kobe
Tunisia,Club Africain
Denmark,Vejle Boldklub
Ireland,Derry City
New Zealand,Hawke's Bay United
Solomon Islands,Western United FC
China PR,Harbin Yiteng
Hungary,Szombathelyi Haladás
Ecuador,CD America de Quito
Romania,Gloria Bistrita
Georgia,FC Shukura Kobuleti
Peru,Universidad César Vallejo
Colombia,Cortuluá
Syria,Belarus
Portugal,Uniao da Madeira
Ukraine,Dynamo Kyiv
Indonesia,PSS Sleman
Macedonia,FK Skopje
Russia,Alaniya
France,Dijon
El Salvador,Águila
Serbia,Voždovac
United States,Chivas USA
Netherlands,FC Utrecht
Netherlands,Fortuna Sittard
Bulgaria,Lokomotiv Mezdra
Northern Ireland,Glenavon
Ukraine,Metalurh Donetsk
Moldova,Iskra-Stal
Chile,Ñublense
Moldova,Zaria Bălți
Ghana,Real Tamale
Venezuela,Zamora FC
Spain,RCD Espanyol
Saudi Arabia,Al-Ain FC
Bosnia and Herzegovina,HŠK Posušje
Syria,Ukraine
Nigeria,Adamawa United
Mexico,Necaxa
Ghana,New Edubiase FC
Peru,Sport Loreto
Scotland,Heart of Midlothian
Romania,Petrolul Ploieşti
Syria,Syria
Poland,KS Warta Poznań
Cameroon,RC Bafoussam
Portugal,Leixões
India,Pune FC
Bulgaria,Sliven
Zambia,National Assembly
Mali,CAS de Sévaré
Cyprus,AE Kouklion
Panama,Tauro FC
Ghana,Accra Great Olympics
Uruguay,Cerro Largo
Syria,Finland
Algeria,RC Arbaâ
Bolivia,Universitario de Vinto
Jordan,Al-Baqa'a SC
Spain,Mallorca
Sudan,Hilal El-Fasher
Ukraine,Olimpik Donetsk
Brazil,Guarani FC
Angola,Uniao Sport Clube do Uige
Syria,Angola
Bolivia,Sport Boys Warnes
El Salvador,Municipal Limeño
Russia,FK Tambov
Belgium,Zulte Waregem
Colombia,CS Deportivo Pereira
Venezuela,Portuguesa FC
Cameroon,Fovu de Baham
Syria,Zimbabwe
Spain,Valencia
Switzerland,Servette
Argentina,Rosario Central
New Zealand,WaiBOP United
Cameroon,OFTA FC
Iran,Foolad Khuzestan
Russia,Arsenal Tula
Turkey,Yeni Malatyaspor
Zimbabwe,FC Platinum
Honduras,Platense
Germany,VfB Stuttgart
Zimbabwe,Harare City
Venezuela,Atlético Venezuela
Cyprus,Karmiotissa Pano Polemidion
Russia,FK Rotor Volgograd
Hungary,Kecskeméti TE
Syria,Albania
Uzbekistan,FK AGMK
Macedonia,Pelister
Germany,Fortuna Düsseldorf
France,Clermont Foot
Ghana,Wassaman United
Turkey,Erzurum BB
Israel,Ironi Kiryat Schmona
Spain,Real Betis
Poland,Termalica Nieciecza
Denmark,Hobro
Slovakia,MFK Tatran Liptovský Mikuláš
Syria,South Africa
Costa Rica,Deportiva Carmelita
Syria,Senegal
Scotland,Dundee United
Venezuela,C.D. Hermanos Colmenarez
Netherlands,NAC Breda
Algeria,HB Chelghoum Laïd
Tunisia,Sportif de Chebba
Greece,Asteras Tripolis
Montenegro,OFK Titograd
Croatia,NK Zagreb
China PR,Dalian Shide
Sweden,Öster
Italy,Chievo Verona
Ecuador,Emelec
Czech Republic,Sparta Prague
Trinidad and Tobago,Joe Public
Uruguay,Danubio
Syria,Denmark
Syria,Morocco
Papua New Guinea,Petro Souths
Syria,Slovenia
Guatemala,Juventud Retalteca
Croatia,Croatia Sesvete
Argentina,Gimnasia y Esgrima La Plata
Colombia,La Equidad
Azerbaijan,Qarabağ
Thailand,Nakhon Pathom
Finland,KPV
Japan,Kashima Antlers
Syria,China PR
Lithuania,Siauliai
Honduras,Olimpia
Macedonia,FK Teteks
Zambia,Lime Hotspurs
United Arab Emirates,Al-Shaab
New Caledonia,Gaitcha FCN
Honduras,Victoria
El Salvador,Jocoro FC
Cameroon,Scorpion FC de Bé
Costa Rica,Limón
Lithuania,Dainava Alytus
Saudi Arabia,AL Qadisiyah FC
England,Tottenham Hotspur
Zimbabwe,Bantu Rovers
Mexico,Tigres UANL
Serbia,FK Metalac
Congo DR,Canon Buromeca
Guatemala,CSD Comunicaciones
Brazil,Vasco da Gama
Austria,Rapid Wien
Spain,Cádiz CF
Tunisia,Gabès
Norway,Mjøndalen IF
Cameroon,Caïman Douala
Bosnia and Herzegovina,FK Krupa
Syria,Scotland
Ivory Coast,Lys Sassandra
Nigeria,Warri Wolves FC
Montenegro,Lovćen
Macedonia,FK Gorno Lisice
Turkey,Ankaragücü
Peru,Ayacucho FC
Syria,Uganda
Azerbaijan,Zirə
Brazil,Náutico
Syria,Tahiti
Angola,Nacional de Benguela
Slovenia,NK Tabor Sežana
Turkey,Gazişehir Gaziantep FK
Lithuania,FA Šiauliai
Cyprus,Ayia Napa
Indonesia,Bontang PKT
Syria,Tajikistan
Ivory Coast,ES Bingerville
Zimbabwe,Cranborne Bullets FC
Syria,Venezuela
Syria,Indonesia
Romania,ACS Poli Timişoara
El Salvador,CD EL Vencedor
Kazakhstan,Okzhetpes Kokshetau
Sweden,Oestersunds FK
Romania,Farul Constanța
Uruguay,Montevideo Wanderers
Syria,Algeria
Portugal,SC Farense
Hungary,Honvéd
Zimbabwe,Shabanie Mine
Saudi Arabia,Al Batin
Uruguay,Villa Espanola
Samoa,Kiwi
Cyprus,PAEEK
Peru,Sport Áncash
Zimbabwe,Douglas Warriors
Zambia,Nakambala Leopards
Trinidad and Tobago,La Horquetta Rangers FC
Syria,Czech Republic
South Africa,Baroka FC
Honduras,C.D. Honduras Progreso
Syria,Nicaragua
Sudan,Hay Al Wadi SC
Northern Ireland,Warrenpoint Town
Lebanon,Shabab AL Ghazieh SC
Argentina,Temperley
Congo,Diables Noirs
Vietnam,Ha Noi TT
Japan,V-Varen Nagasaki
Solomon Islands,Solomon Warriors FC
Ecuador,Nueve de Octubre
Serbia,FK Proleter Novi Sad
Ghana,Accra Lions FC
Sudan,Al Shorta Al Qadarif
Saudi Arabia,Al-Ahli
New Zealand,Wanderers SC
Sudan,Alamal Atbara
Israel,Hapoel Kfar Saba
Turkey,Hatayspor Kulübü
Zimbabwe,Dongo
Italy,Novara
Zambia,Power Dynamos
Sudan,Al Ahli Wad Medani
Scotland,St. Johnstone
Italy,Catania
Croatia,NK Rudeš
Syria,Puerto Rico
Russia,FC Anzhi Makhachkala
France,SC Bastia
Luxembourg,Differdange 03
Norway,Sandefjord Football
Venezuela,Deportivo La Guaira FC
Paraguay,Sport Colombia
Mexico,Santos Laguna
Syria,Israel
Indonesia,Persidafon
Syria,Kazakhstan
Romania,Braşov
Poland,Pogoń Szczecin
Denmark,FC Midtjylland
Bolivia,Destroyers
Zambia,Roan United
Colombia,Santa Fe
Mexico,Guadalajara
United States,Orlando City
Colombia,Independiente Medellín
Niger,Douanes Niamey
Morocco,Wydad Fès
Slovenia,ND Triglav
Nigeria,Akwa United
Paraguay,Cerro Porteño
Spain,Sevilla
Peru,Academia Cantolao
Colombia,Atlético Nacional
Hungary,Diósgyör
Thailand,Pattaya United
Syria,Ghana
Argentina,Sarmiento
Guatemala,Zacapa
China PR,Jiangsu Suning FC
South Korea,Daegu FC
Sudan,Wad Hashim SC Sennar
Lebanon,Al-Hikma
South Korea,Busan I'Park
Syria,Croatia
Romania,Argeș Pitești
Italy,Palermo
Switzerland,Lausanne Sport
Japan,Kyoto Sanga FC
Samoa,Lupe ole Soaga
Romania,Concordia Chiajna
Chile,San Marcos
Italy,Siena
Syria,Jordan
Belarus,Belshina Bobruisk
Israel,Maccabi Netanya
Uruguay,Tacuarembó
Syria,Cameroon
Syria,Saudi Arabia
Turkey,Bursaspor
Angola,Wiliete SC
Paraguay,Sportivo Trinidense
Cameroon,Union Douala
South Korea,Jeju United
Bulgaria,FK Septemvri Sofia
Honduras,Marathón
Tunisia,Ben Guerdane
Mali,Olympique de Bamako
Vanuatu,ABM Galaxy FC
China PR,Qingdao FC
Costa Rica,Asoc. Dep. y Rec. Jicaral Sercoba
Morocco,Moghreb Tétouan
China PR,Shanghai Shenxin
Saudi Arabia,Al Hilal
Denmark,HB Køge
South Africa,Pretoria University
Ireland,Bray Wanderers
France,Bordeaux
Moldova,Zimbru
Congo DR,AC Kuya Sport
Panama,Union Deportivo Universitario
Syria,England
Syria,Libya
Macedonia,FK Sileks
Algeria,ASM Oran
Ghana,Amidaus Professionals FC
Zambia,Kansanshi Dynamos
Greece,AEK
United States,Chicago Fire
Norway,Hønefoss
Algeria,USM Bel Abbès
Egypt,Al Mokawloon Al Arab
El Salvador,Atlético Marte
Mali,Djoliba AC
India,Salgaocar
Israel,Maccabi Tel Aviv
Argentina,CA Central Cordoba
Tunisia,Stade Gabésien
Uzbekistan,Neftchi
Egypt,El Raja
Moldova,FC Milsami Orhei
Chile,Barnechea
Ukraine,FC Lviv
Syria,Lebanon
Romania,Timişoara
Russia,Krylya Sovetov Samara
Finland,Honka
Syria,Nigeria
China PR,Shanghai Shenhua
Latvia,BFC Daugavpils
Algeria,ASO Chlef
Peru,Juan Aurich
Lithuania,Hegelmann Litauen Kaunas
Japan,Yokohama FC
Senegal,Teungueth FC
Jordan,Al-Wehdat SC
Norway,Rosenborg BK
Mali,Stade Malien Bamako
Gibraltar,Lincoln Red Imps FC
Sudan,El Nsoor
Syria,Zambia
Hungary,Puskás FC
Peru,FBC Melgar
Turkey,Orduspor
Wales,Carmarthen
Poland,Wisła Płock
Germany,Mainz
South Africa,Jomo Cosmos
Macedonia,Shkupi Skopje
Greece,Apollon Smyrnis
Azerbaijan,Revan Baku
Iran,Esteghlal
Nigeria,Rising Stars
Russia,Lokomotiv Moskva
Iran,Damash
Macedonia,Vardar Skopje
Russia,Kuban' Krasnodar
Guatemala,Sacachispas Chiquimula
France,Marseille
Israel,Hapoel Ra'anana
Morocco,Youssoufia Berrechid
South Korea,Gyeongnam FC
Algeria,CA Batna
United States,Nashville SC
China PR,Shenzhen FC
United States,New England Revolution
Uzbekistan,Bunyodkor Tashkent
Congo DR,Saint-Clément
Azerbaijan,Sumqayıt
Kenya,Sofapaka
Slovakia,Petržalka
Georgia,FC Gagra
France,Evian TG
Croatia,Dinamo Zagreb
Guatemala,Iztapa
Norway,Tromsø IL
Ivory Coast,Issia Wazi
Georgia,Lokomotivi Tbilisi
Nigeria,Remo Stars
Wales,The New Saints
Poland,Lechia Gdańsk
Syria,Wales
Bolivia,Universitario
Zimbabwe,Masvingo United
Panama,Atlético Veragüense
Lithuania,FK Tauras Taurage
Romania,Turnu Severin
Zambia,Konkola Blades
Albania,Skenderbeu
Israel,FC Ashdod
New Caledonia,AS Lossi
India,Kerala Blasters FC
Kuwait,Al Qadsia
Azerbaijan,Bakı
Syria,Sudan
Bulgaria,PFC CSKA Sofia
Slovenia,Koper
Nigeria,Sunshine Stars
Iran,Saba Qom
Australia,Perth Glory
Sweden,Gefle
Wales,Neath Athletic
Uruguay,Albion F.C.
Syria,Ivory Coast
Costa Rica,La U Universitarios
El Salvador,Independiente FC
Zambia,Kitwe United
Netherlands,VVV-Venlo
Spain,Málaga
Italy,Inter Milan
Ukraine,Veres Rivne
Hungary,Nyíregyháza Spartacus
Syria,Austria
Ukraine,Sevastopol
Syria,Vietnam
Ivory Coast,SO Armée
Qatar,Al-Shamal SC
Syria,Honduras
Nicaragua,H&H Export Sébaco FC
Finland,HIFK
Angola,Santa Rita de Cássia FC
Wales,Airbus UK Broughton FC
Iran,Pas Hamedan
Peru,Deportivo Municipal
Zimbabwe,Tenax CS FC
Finland,PS Kemi
Algeria,Khroub
Norway,Fredrikstad
Guatemala,Deportivo Achuapa
Indonesia,Persela Lamongan
Indonesia,Arema
Angola,Recreativo da Caála
Argentina,Racing Club
Iran,Aboomoslem
Syria,Trinidad and Tobago
Spain,Celta Vigo
Morocco,Olympic Club de Safi
Switzerland,Aarau
Singapore,Lion City Sailors FC
Iran,Tractor Sazi
Georgia,WIT Georgia Tbilisi
New Zealand,Southern United
United States,New York Red Bulls
Ecuador,ESPOLI
Uruguay,Central Español
Czech Republic,České Budějovice
Finland,Seinaejoen JK
India,Churchill Brothers SC
Syria,Greece
China PR,Chengdu Blades
France,Reims
South Africa,Bloemfontein Celtic
Estonia,Tammeka
Niger,AS-FAN
Uruguay,Juventud de Las Piedras
France,Angers
Australia,Brisbane Roar FC
Morocco,OCK Khouribga
Congo DR,FC Lubumbashi sport
Egypt,El Entag El Harby
Portugal,Tondela
Czech Republic,Příbram
Bosnia and Herzegovina,Široki Brijeg
Angola,Atlético Sport Aviação
Czech Republic,Viktoria Plzeň
Ecuador,Fuerza Amarilla SC
Tunisia,Esperance de Tunis
Austria,Wolfsberger AC
Bulgaria,Beroe
Wales,Prestatyn Town FC
Slovakia,Žilina
Tunisia,Avenir de La Marsa
Brazil,Sport Recife
Greece,Ergotelis
Sudan,Merreikh El-Fasher
Syria,Lithuania
Venezuela,Deportivo Petare
Bulgaria,FC CSKA 1948 Sofia
Czech Republic,Hradec Králové
Colombia,Patriotas Boyacá
Belarus,FK Slutsk
Austria,SCR Altach
Uruguay,Atenas
Iran,Naft Tehran
Lebanon,Al Islah Bourg Shamaly
Syria,Malaysia
Colombia,Atlético Huila
Greece,Lamia
Japan,Montedio Yamagata
Belgium,Sint-Truiden
Israel,Hapoel Ironi Akko
Romania,Pandurii Târgu Jiu
Belarus,FC Luch Minsk
Portugal,Paços de Ferreira
Ghana,King Faisal
Denmark,Vestsjælland
Denmark,Viborg
Saudi Arabia,Al Shabab
Ecuador,Gualaceo SC
Bosnia and Herzegovina,NK Zvijezda Gradacac
Zimbabwe,Tripple B
Bosnia and Herzegovina,Rudar Prijedor
Puerto Rico,Sevilla FC Puerto Rico
Denmark,Randers FC
Mexico,Atlas
Zimbabwe,Kiglon
Syria,Tahiti
Germany,Darmstadt
Armenia,Ararat-Armenia FC
Congo DR,Shark XI
Lebanon,Racing Beirut
Sudan,Al Ahly Merowe
Algeria,USM El Harrach
Cameroon,Avion Fc Du Nkam
Cameroon,Cosmos de Bafia
Bosnia and Herzegovina,FK Drina Zvornik
Congo DR,Maniema Union
Morocco,Renaissance Club Zemamra
Scotland,Dundee FC
Syria,Cook Islands
Ivory Coast,Academia F. Amadou Diallo
Jordan,Shabab Al-Aqaba Club
Sudan,Merikh Kosti
Ivory Coast,Stade d'Abidjan
Angola,Santos de Angola
England,Fulham
Estonia,Rakvere JK Tarvas
Estonia,Tamme Auto
Thailand,Samut Prakan City
Haiti,Valencia de Leogane
Qatar,Al-Kharitiyat
Congo DR,Saint-Eloi Lupopo
Syria,Armenia
Syria,Turkmenistan
Ivory Coast,Sporting Gagnoa
Russia,Dinamo Moskva
Syria,Togo
Argentina,Newell's Old Boys
Guatemala,Siquinalá FC
Qatar,Al-Arabi Doha
South Africa,TS Galaxy
India,Royal Wahingdoh
Nigeria,Taraba
Ivory Coast,Hiré
Ecuador,Aucas
Brazil,Chapecoense AF
Cyprus,Enosis Paralimni
Spain,Osasuna
South Africa,Santos
Norway,Aalesund
Serbia,Čukarički
Australia,Newcastle United Jets
Paraguay,3 de Febrero
Jordan,Mgaear Al Sarhan
Ukraine,Oleksandriya
Papua New Guinea,Morobe Wawens
Ivory Coast,Ouragahio
Brazil,Coritiba
Jordan,Al Ahli SC Amman
Brazil,Grêmio
Syria,Moldova
Slovenia,Domžale
Nicaragua,Diriangén FC
Tunisia,LPTA Tozeur
Serbia,Dinamo Vranje
Syria,Argentina
Egypt,Tanta
Hungary,Kisvárda Master Good
Syria,Botswana
Uruguay,Bella Vista
Latvia,FC Jurmala
Chile,Deportes Temuco
South Africa,Maritzburg United
Bulgaria,Svetkavitsa
Turkey,Elazığspor
Guatemala,Coban Imperial
Morocco,KACM Marrakech
Ecuador,Imbabura
Greece,Larisa Ael
Jordan,Al-Ramtha SC
Spain,Rayo Vallecano
Brazil,Figueirense
Sudan,Al Shimali
Angola,Sporting Clube de Benguela
Saudi Arabia,Abha Club
Sweden,Syrianska
Latvia,SK Babīte
Congo DR,RC Kinshasa
Costa Rica,Ramonense PO
Ghana,Aduana Stars
Italy,Benevento
Jordan,Ittihad Al-Ramtha
Syria,Panama
England,Norwich City
Macedonia,KF Shkendija
Bolivia,Universitario de Cobija
El Salvador,L.A. Firpo
Norway,Lyn
Nicaragua,Chinandega FC
Congo DR,Malekesa
Syria,Albania
Iran,Esteghlal Khuzestan FC
Moldova,Dinamo-Auto
Bulgaria,Akademik Sofia
Germany,Eintracht Frankfurt
Colombia,Alianza Petrolera
Israel,Bnei Sakhnin
Belarus,Slavia-Mozyr
Colombia,América de Cali
Lithuania,Suduva Marijampole
Hungary,Vasas Budapest
Norway,Start
Syria,Jamaica
Brazil,Paraná Clube
Qatar,Al-Markhiya Sports Club
Syria,Costa Rica
Vanuatu,Malampa Revivors FC
Bolivia,Guabirá
Uruguay,Boston River
Angola,Atlético do Namibe
Macedonia,Mladost CD
Peru,Alianza Universidad Huanuco
Saudi Arabia,Al Nahdha Dammam
Syria,New Caledonia
Zambia,Forest Rangers
Congo DR,Molunge
Congo,Léopards de Dolisié
Syria,Germany
Poland,Radomiak Radom
Nigeria,Jigawa Golden Stars
Angola,Ferroviário Do Huambo
Serbia,FK Red Star Belgrade
Slovenia,Ankaran Hrvatini
South Africa,Black Leopards
Thailand,BG Pathum United
Iceland,FH Hafnarfjordur
Russia,FK Tosno
India,Chirag Kerala
Zimbabwe,Lengthens
Serbia,Javor
Jordan,Shabab Al-Ordon Club
Turkey,Mersin İdmanyurdu
Syria,Malaysia
Bulgaria,Chernomorets Burgas
Northern Ireland,Carrick Rangers
Croatia,NK Zadar
South Korea,Incheon United
Australia,Western Sydney
Trinidad and Tobago,Tobago United
India,Chennaiyin FC
Czech Republic,Vysočina Jihlava
Japan,Ventforet Kofu
France,Ajaccio
Albania,Kukesi
Angola,Atletico Petro Luanda
Algeria,MC Oran
Syria,Kazakhstan
Russia,FC Orenburg
Paraguay,Tacuary
Puerto Rico,Puerto Rico United
Austria,Red Bull Salzburg
Costa Rica,Barrio México
Greece,Iraklis
Italy,Pescara
Mexico,Pumas UNAM
Uruguay,Nacional
Iran,Mes Kerman
Italy,Livorno
Germany,Ingolstadt
Paraguay,General Caballero
Latvia,FK Auda
India,Mohun Bagan
Hungary,Bekescsaba
Turkey,Galatasaray
Bolivia,Real Mamoré
Nigeria,Ranchers Bees
Hungary,Paksi SE
China PR,Hangzhou Greentown
Syria,Gibraltar
Denmark,Vendsyssel FF
Ivory Coast,EFYM
Bosnia and Herzegovina,Kozara Gradiška
India,Rajasthan United
Syria,Uzbekistan
Ghana,Inter Allies FC
England,Crystal Palace
Syria,Niger
Peru,Cobresol
France,Arles
Moldova,Speranţa Crihana
India,Mumbai City FC
France,Lyon
Iran,Zob Ahan Isfahan FC
France,Grenoble
Thailand,TTM Chiangmai
Egypt,Future FC
Syria,Ireland
Congo DR,Kabasha
Poland,Zagłębie Sosnowiec
Lithuania,Kruoja Pakruojis
Cyprus,Apollon Limassol
Panama,Chorrillo
Sweden,Varbergs BoIS
Costa Rica,AD Municipal Liberia
Slovakia,Tatran Prešov
Slovakia,FK Senica
Nigeria,Sharks
Iran,Pars Jonoubi Jam
Tunisia,EGS Gafsa
Belarus,Isloch
Georgia,FC Samgurali Tskhaltubo
Greece,Panathinaikos
Syria,Honduras
Trinidad and Tobago,Defence Force FC
Uruguay,Racing Club
Puerto Rico,Mayagüez
Indonesia,Persijap Jepara
Sweden,Dalkurd FF
Argentina,Banfield
Poland,Bełchatów
Belarus,Naftan Novopolotsk
Brazil,Portuguesa
Jordan,That Ras Club
Jordan,Sahab SC
Germany,RB Leipzig
Uzbekistan,Xorazm
Estonia,Tulevik Viljandi
Vanuatu,Tafea FC
Germany,Bayern München
India,East Bengal Club
India,FC Pune City
Sweden,Helsingborgs IF
Germany,1. FC Union Berlin
Syria,Papua New Guinea
Guatemala,Juventud Escuintleca
Zimbabwe,Monomatapa United
Bolivia,Real Potosí
Indonesia,Persema Malang
Turkey,Adana Demirspor
Congo DR,US Panda B5
England,Manchester City
Angola,Académica Lobito
Guatemala,Jalapa
Syria,India
Congo DR,Dauphins Noirs
Azerbaijan,MOIK
Moldova,FC Veris
Greece,Panthrakikos Komotini
Finland,Turku PS
Ivory Coast,Moossou FC
Ivory Coast,Adzopé
India,Bengaluru FC
Chile,Unión San Felipe
Jamaica,Arnett Gardens
Congo DR,Motema Pembe
Japan,Júbilo Iwata
Ghana,Heart of Lions
Syria,Hungary
Portugal,CD das Aves
Syria,Azerbaijan
England,Arsenal
El Salvador,CD FAS
Tunisia,Sportive de Djerba
Zimbabwe,Flame Lilly
Venezuela,Centro Ítalo
Italy,Crotone
Kazakhstan,Kyzylzhar Petropavlovsk
Syria,New Zealand
Scotland,Kilmarnock
Syria,Canada
Angola,Sporting de Cabinda
Paraguay,12 de Octubre de Itaugua
Egypt,Telephonaat Beni Suef
Angola,Sport Lubango e Benfica
Turkey,Diyarbakirspor
Brazil,EC Juventude
Croatia,Lokomotiva
Papua New Guinea,Gigira Laitepo
Ireland,Longford Town
Angola,C.D. Lunda Sul
Chile,O'Higgins
Belarus,Granit
England,Wolverhampton Wanderers
Costa Rica,Águilas
Algeria,JS Saoura
Iran,Fajr Sepasi
Serbia,Smederevo
Algeria,CS Constantine
Ghana,Liberty Professionals
Ireland,Waterford FC
Austria,WSG Tirol
Brazil,Bahia
Russia,PFC Sochi
Ivory Coast,Africa Sports National
South Africa,Polokwane City
Macedonia,FK Bregalnica Stip
Austria,Sturm Graz
Georgia,Torpedo Kutaisi
Guatemala,Halcones FC
Finland,Tampere United
Belgium,Roeselare
Panama,Independiente de La Chorrera
Venezuela,Universidad Central de Venezuela FC
Russia,Moskva
Finland,FC Lahti
Latvia,Ilukstes NSS
Poland,Miedź Legnica
Syria,Brazil
Trinidad and Tobago,W Connection FC
Spain,Elche
Algeria,CR Belouizdad
Czech Republic,Bohemians 1905
Belarus,FC Torpedo Minsk
Qatar,Al-Khor
Lebanon,AL Safa
Libya,Al Ahli Tripoli
Iraq,AL Shorta SC
Hungary,Gyirmót SE
Poland,Polonia Warszawa
Nigeria,Bukola Babes
Slovenia,Zavrč
Syria,Wales
Colombia,Envigado
Norway,Kongsvinger
Guyana,Alpha United
Australia,Macarthur FC
Moldova,CS Petrocub
Egypt,Ceramica Cleopatra
Bulgaria,FC Tsarsko Selo Sofia 2015
Nicaragua,Deportivo Walter Ferretti
Syria,Italy
Turkey,Osmanlıspor FK
Spain,Las Palmas
Ivory Coast,Stella Club
Guatemala,CSD Municipal
Turkey,Bucaspor
Ghana,Dreams FC
Syria,Colombia
Guatemala,Guastatoya
Tunisia,Stade Tunisien
Uruguay,River Plate
Qatar,Muaither SC
Honduras,Atlético Choloma
Lithuania,FK Panevėžys
Niger,Jangorzo
Spain,Deportivo Alaves
Denmark,Silkeborg
Zimbabwe,Quelaton
Cameroon,Sable Batié
Algeria,AS Aïn M'lila
Bosnia and Herzegovina,FK Sarajevo
Brazil,Goiás
Peru,José Gálvez
Azerbaijan,Neftçi
Nicaragua,UNAN Managua
Belgium,SV Roeselare
Peru,FC Carlos Stein
Uruguay,Miramar Misiones
Romania,Viitorul Constanţa
Poland,Lech Poznań
Thailand,Sriracha
Nicaragua,CD Ocotal
Guinea,Kaloum Star
Iran,Shahrdari Tabriz
Estonia,Maardu Linnameeskond
Iran,Steel Azin
Iraq,Al-Zawraa SC
Mali,AC Mamahira
Nigeria,JUTH FC
Croatia,RNK Split
Bulgaria,Sportist Svoge
Iran,Mes Rafsanjan
Slovakia,Spartak Trnava
Kazakhstan,FK Arys
Portugal,Rio Ave
Serbia,FK Zlatibor Čajetina
Thailand,Chiangmai FC
England,Blackpool
Belarus,Torpedo Zhodino
Syria,Israel
Angola,Recreativo do Libolo
Uzbekistan,Andijon
Venezuela,Atlético El Vigía
Syria,Peru
Syria,Turkmenistan
Uzbekistan,Surkhon-2011
Syria,Fiji
Ethiopia,Saint George
Venezuela,Monagas SC
Syria,Greece
Tunisia,CA Bizertin
Spain,Tenerife
Syria,Singapore
Sweden,Örebro
Paraguay,Deportivo Santaní
Colombia,AD Unión Magdalena
Brazil,Internacional
Syria,Ecuador
Syria,Tunisia
Spain,Sporting Gijón
Italy,Lecce
Slovakia,FK Pohronie
Croatia,Osijek
Syria,Paraguay
Portugal,Vitória Setúbal
Czech Republic,MFK Karviná
England,Cardiff City
Bosnia and Herzegovina,FK Mladost Doboj Kakanj
Latvia,Riga FC
Niger,ASGNN
Tanzania,Azam
Turkey,Konyaspor
Costa Rica,Belén Siglo XXI
Portugal,Vitória Guimarães
Congo DR,Ndjadi
Germany,Hamburger SV
Romania,ACS FC Academica Clinceni
Latvia,FK Tukums 2000
New Zealand,Wellington Phoenix Reserves
Bolivia,Bolívar
Moldova,Sfîntul Gheorghe
United States,FC Dallas
France,Lens
Brazil,Avaí FC
England,Brighton & Hove Albion
Algeria,Saïda
Iran,GOL Gohar Sirjan FC
New Zealand,Canterbury United
Greece,Volos New Football Club
Panama,Herrera FC
Montenegro,Čelik Nikšić
Colombia,Fortaleza
Montenegro,Grbalj Radanovici
Egypt,FC Masr
Ecuador,Técnico Universitario
Ecuador,Clan Juvenil
Romania,FC Voluntari
Syria,Bulgaria
Germany,Nürnberg
Paraguay,Sportivo San Lorenzo
Egypt,El-Sharkia Lel Dokhan (Eastern Company SC)
Czech Republic,Baník Ostrava
Hungary,Pápa
Lithuania,FK Palanga
Sweden,Sirius
Kazakhstan,Kazakhmys
Sudan,Al Ittihad
Portugal,Boavista
Germany,Eintracht Braunschweig
Fiji,Ba
Wales,Newtown
Syria,Russia
Ecuador,Manta
Syria,Jamaica
El Salvador,Once Municipal
Colombia,Águilas Doradas
Turkey,Fatih Karagümrük
Spain,Córdoba CF
Croatia,Šibenik
Algeria,USM Blida
Brazil,Atlético Mineiro
Zimbabwe,CAPS United
Cyprus,AEK Larnaca
Cameroon,Dragon de Yaoundé
Paraguay,General Caballero JLM
Uzbekistan,FK Olympic Tashkent
Bulgaria,Litex Lovech
Norway,Bodø / Glimt
Tunisia,CS Sfaxien
Italy,Roma
Egypt,Pharco FC
China PR,Liaoning Hongyun
Scotland,Aberdeen
Brazil,Grêmio Prudente
South Africa,Moroka Swallows
Netherlands,Excelsior
Poland,Gornik Leczna
Singapore,Armed Forces
Latvia,FC Skonto Riga
Angola,Desportivo Da Huíla
Syria,Russia
Bolivia,Always Ready
Bulgaria,Neftochimic Burgas 1962
United States,Colorado Rapids
Syria,Guinea
Bolivia,Jorge Wilstermann
Egypt,Wadi Degla FC
Netherlands,FC Emmen
Cameroon,Feutcheu FC
India,FC Goa
Slovenia,Radomlje
Venezuela,Deportivo Zulia
Netherlands,SC Heerenveen
Syria,Belgium
New Zealand,Auckland City
Belarus,Shakhtyor Soligorsk
Botswana,Jwaneng Galaxy FC
China PR,Guangzhou F.C.
Cameroon,Colombe du Dja et Lobo
Spain,Real Valladolid
Czech Republic,FK Pardubice
Indonesia,PSMS
Peru,Deportivo Los Caimanes
Latvia,Valmiera FK
Germany,Kaiserslautern
Ecuador,Delfin SC
El Salvador,CD Platense Municipal
Mexico,Club Puebla
France,Troyes
Paraguay,Deportivo Carapeguá
Montenegro,Zeta
Cameroon,Panthère
Thailand,Police Tero FC
Guatemala,Sololá FC
Kazakhstan,FK Aksu
Syria,Bulgaria
Wales,Cefn Druids AFC
Indonesia,Deltras Sidoarjo
Mexico,Estudiantes Tecos
Australia,North Queensland Fury
Qatar,Umm-Salal
Indonesia,PSM Makassar
Germany,Greuther Fürth
Uzbekistan,Shortan Guzor
Japan,Gamba Osaka
Syria,Congo
Bulgaria,Vitosha Bistritsa
Syria,Cook Islands
Turkey,Denizlispor
Guatemala,Antigua Guatemala
Syria,Bolivia
Sweden,Djurgården
Syria,United States
Moldova,FC Sheriff
Paraguay,Guaireña FC
Romania,Săgeata Năvodari
Jamaica,Montego Bay United
Venezuela,Estudiantes de Caracas
Hungary,Györi ETO
Lebanon,Nejmeh SC
France,Nancy
Uruguay,Club Atletico Torque
Bolivia,Ciclon
Syria,Uzbekistan
Syria,Guatemala
Serbia,FK Radnik Surdulica
Fiji,Suva
Mali,AS Korofina
Turkey,Giresunspor
Peru,Alianza Atlético
Papua New Guinea,Tukoko University
Guatemala,CSyD Nueva Concepción
Mexico,Mazatlán FC
Belgium,Mouscron-Péruwelz
Cameroon,Lausanne
Greece,Niki Volou
Cameroon,Njala Quan
Slovakia,ŠKF Sereď
Argentina,Argentinos Juniors
Egypt,Ittihad El-Shorta
Brazil,Joinville EC
Syria,Norway
Belgium,Union St.Gilloise
Russia,Saturn
Indonesia,Barito Putera
Mexico,FC Juárez
Syria,Mexico
Ireland,University College Dublin
Kazakhstan,Vostok
Belarus,FK Sputnik Rechytsa
Nigeria,Ifeanyi Ubah United
Czech Republic,FC Fastav Zlin
Guinea,Horoya AC
El Salvador,Pasaquina F.C.
Zimbabwe,Underhill
Lithuania,Džiugas Telšiai
Costa Rica,Brujas
Algeria,MC Alger
Thailand,Sukhothai FC
Slovenia,Olimpija Ljubljana
Jordan,Al-Hussein SC Irbid
Brazil,Santos FC
Syria,France
Japan,Consadole Sapporo
Nigeria,Giwa FC
Croatia,Slaven
Brazil,CS Alagoano AL
Bosnia and Herzegovina,Zrinjski Mostar
Venezuela,Aragua FC
Syria,Bolivia
United Arab Emirates,Al Wahda
South Korea,Jeonnam Dragons
India,Mohammedan SC
Venezuela,Deportivo Lara
Costa Rica,Puntarenas FC
Japan,Kashiwa Reysol
Saudi Arabia,Al Nassr
Netherlands,ADO Den Haag
Panama,Veraguas FC
Egypt,Nogoom FC
Indonesia,Perseru Badak Lampung
Greece,Olympiakos Volos
Sweden,Hammarby IF
Ukraine,Shakhtar Donetsk
Cameroon,New Star de Douala
Ivory Coast,Yopougon FC
Kazakhstan,Ordabasy Shymkent
Puerto Rico,Guaynabo Fluminense
Uzbekistan,Pakhtakor Tashkent
Moldova,FC Spicul Chișcăreni
Russia,CSKA Moskva
Slovakia,Dunajska Streda
Montenegro,FK Kom Podgorica
Israel,Hapoel Be'er Sheva
Morocco,RCA Raja Casablanca Athletic
Saudi Arabia,Al Shoalah
Nigeria,Kwara United
Georgia,FC Merani Tbilisi
Syria,Belize
Turkey,Manisaspor
Uzbekistan,Kokand 1912
Malaysia,Johor Darul Ta'zim FC
Syria,Libya
Latvia,FK Metta
Angola,Progresso da Lunda Sul
Venezuela,Estudiantes de Mérida
Syria,Congo
Ireland,Waterford United FC
Syria,Congo DR
Norway,Molde FK
Paraguay,Sol de América
Germany,Bayer Leverkusen
China PR,Shandong Taishan F.C.
Hungary,Balmazújváros
Congo DR,CS Makiso
Poland,KS Raków Częstochowa
Sudan,Al Ahly Shendi
Tunisia,Olympique du Kef
Brazil,Cruzeiro
Australia,Adelaide United
Cyprus,Alki Oroklinis
Peru,Deportivo Binacional
Bulgaria,Cherno More Varna
Wales,Bala Town FC
Syria,Luxembourg
Sudan,Al Khartoum SC
Egypt,El Gounah
Japan,Avispa Fukuoka
Chile,Cobreloa
Austria,Wiener Neustadt
South Korea,Gwangju FC
Italy,Bari
Austria,Kapfenberger SV
Turkey,Kayseri Erciyesspor
Zimbabwe,Victoria
Peru,Unión Comercio
Syria,Macedonia
Portugal,Sporting
Trinidad and Tobago,Ma Pau
Mali,Centre Salif Kéita
Israel,Maccabi Ahi Nazareth
Saudi Arabia,Al Fateh FC
Syria,Indonesia
Honduras,Parrillas One
Syria,Zimbabwe
United Arab Emirates,Emirates Club
Tanzania,Young Africans
Indonesia,Persita Tangerang
Germany,Hoffenheim
England,Leicester City
Norway,Stabæk
Mexico,América
Syria,Guinea
Belarus,Krumkachy Minsk
Portugal,Beira-Mar
Niger,Olympic Niamey
Iran,Aluminium Hormozgan
Syria,Mexico
Syria,Haiti
Hungary,MOL Fehérvár FC
Paraguay,Guaraní
Slovenia,Maribor
Slovakia,Zemplin Michalovce
Costa Rica,Deportivo Saprissa
Ghana,Berekum Chelsea FC
Austria,Admira Wacker Mödling
Syria,Panama
Venezuela,AC LALA FC
England,Sunderland
Germany,DSC Arminia Bielefeld
Cyprus,Omonia Nicosia
Syria,Iran
Syria,El Salvador
Haiti,Cavaly
Ecuador,Deportivo Cuenca
Jamaica,Sandals South Coast
Syria,Scotland
Syria,Peru
Bosnia and Herzegovina,Slavija Sarajevo
Peru,Alianza Lima
Qatar,Al-Rayyan
Mali,Debo Club
Bulgaria,Kaliakra
Japan,Vegalta Sendai
Greece,Atromitos
Mexico,Tiburones Rojos de Veracruz
Lithuania,Nevėžis Kėdainiai
United Arab Emirates,Sharjah Cultural Club
Peru,Total Chalaco
Peru,Pacífico
Scotland,Celtic
Colombia,Once Caldas
Argentina,Huracán
Angola,Domant FC
Syria,Northern Ireland
Sweden,IFK Göteborg
Syria,United Arab Emirates
Venezuela,Deportivo Anzoátegui
Cameroon,AS Matelots
India,North Eastern Re Organising Cultural Association
Spain,Athletic Bilbao
Argentina,Atlético Tucumán
Nigeria,Plateau United
Spain,Villarreal
Portugal,Nacional
Czech Republic,SK Sigma Olomouc
Guatemala,CSyD Carchá
India,Rangdajied United
Canada,CF Montreal
Cameroon,AS Fortuna
El Salvador,CD Audaz
Honduras,Real España
France,Paris Saint-Germain
Austria,TSV Hartberg
Turkey,Trabzonspor
Saudi Arabia,Hajer FC Al-Hasa
Indonesia,Persiba Balikpapan
Syria,Uruguay
Switzerland,FC St. Gallen 1879
Georgia,Dila Gori
Zambia,Prison Leopards
United Arab Emirates,Al Wasl
Netherlands,PSV Eindhoven
Portugal,Feirense
Georgia,Zestafoni
Israel,Hapoel Petah Tikva FC
France,Caen
Brazil,Vitória
Vietnam,Binh Duong
Peru,Defensor La Bocana
England,Everton FC
Germany,1. FC Köln
United Arab Emirates,Khorfakkan Club
New Zealand,Waitakere United
Paraguay,Libertad
Kazakhstan,Kaisar Kyzylorda
Romania,Botoşani
Kazakhstan,Shakhter Karagandy
India,Aizawl
France,RC Strasbourg
Egypt,Ghazl El Mehalla
Russia,Rubin Kazan
Zambia,Kafue Celtic
Australia,Melbourne City FC
Algeria,CA Bordj Bou Arreridj
Trinidad and Tobago,United Petrotrin
Tunisia,US Monastir
Bolivia,Oriente Petrolero
Nigeria,Shooting Stars
Lithuania,Lietava Jonava
Portugal,Benfica
Ghana,Hasaacas
Thailand,Trat FC
El Salvador,Isidro Metapán
Mexico,Atlante
Syria,Uzbekistan
Jamaica,Tivoli Gardens
Germany,Schalke 04
Saudi Arabia,Al-Tai FC
Ghana,Eleven Wonders FC
Wales,Aberystwyth
Syria,Guyana
Syria,Solomon Islands
Egypt,Ala'ab Damanhour
El Salvador,Juventud Independiente
Norway,Sandnes
Tunisia,Olympique Béja
Ecuador,LDU de Quito
Guatemala,Xelajú
Estonia,Nomme JK Kalju
Syria,Chile
Czech Republic,Znojmo
Nigeria,Nembe City FC
Indonesia,Persipura Jayapura
Sudan,Al Fallah Atbara FC
Syria,Kuwait
South Africa,Kaizer Chiefs
Ukraine,Zorya Luhansk
Syria,Guatemala
Colombia,Club Atlético Bucaramanga
Syria,Iraq
Portugal,CD Santa Clara
Cameroon,Apejes de Mfou
Ecuador,Deportivo Quevedo
Paraguay,Olimpia
France,Nantes
Syria,Syria
England,West Brom
Iran,Sanat Naft Abadan
Turkey,Samsunspor
Congo DR,Ndoki ya Ndombe
Chile,Universidad Católica
Russia,Spartak Nal'chik
Zambia,Lumwana Radiants
Netherlands,Heracles
Romania,Târgu Mureş
Argentina,Colón Santa Fe
Indonesia,Pelita Bandung Raya
Ukraine,FK Inhulets' Petrove
Chile,Audax Italiano La Florida
Syria,Mali
Italy,Udinese
Norway,Sarpsborg 08
Egypt,Olympic El Qanah FC
Costa Rica,Cartaginés
Panama,Alianza
Nigeria,Gombe United
Indonesia,PSIS
Peru,Sport Huancayo
Morocco,FAR Rabat
Bosnia and Herzegovina,Čelik Zenica
Sudan,Merreikh Nyala
Ecuador,Universidad Católica
Uzbekistan,Dinamo Samarkand
Ivory Coast,SOL FC
South Africa,Bidvest Wits
Portugal,Braga
Azerbaijan,Simurq
Tunisia,Zarzis
Zambia,Young Green Eagles
Mexico,Cruz Azul
Estonia,Sillamäe Kalev
Croatia,Cibalia
Sudan,Al Hilal Omdurman
Ukraine,FC Minaj
France,Lorient
Turkey,Gençlerbirligi
Thailand,Muangthong United
Greece,AEL Kalloni FC
Jamaica,Barbican FC
Estonia,Talinna Kalev
China PR,Guizhou Hengfeng
Scotland,Inverness CT
Syria,Algeria
Syria,Costa Rica
Lebanon,Bekaa SC
Jamaica,Vere United FC
Switzerland,Thun
Colombia,Deportivo Cali
Uganda,Togo-Port
Croatia,Lučko
Serbia,FK Donji Srem
Georgia,FC Telavi
Chile,Universidad Concepción
Bolivia,Royal Pari
Botswana,Township Rollers
Syria,Ivory Coast
Georgia,Chikhura
Costa Rica,Orión
Nigeria,Enyimba
England,Leeds United
Australia,Central Coast Mariners FC
Thailand,Prachuap FC
Romania,AFC Herrmannstadt Sibiu
Scotland,Falkirk
Poland,Łódzki KS
Saudi Arabia,Al Raed
Switzerland,Grasshopper Club Zürich
Netherlands,Cambuur
Argentina,Chacarita Juniors
Fiji,Lautoka
Moldova,Dacia Buiucani
Honduras,Real Juventud
Thailand,Ratchaburi FC
Syria,Iran
Morocco,Difaâ El Jadida
Finland,KuPS
Morocco,Raja Beni Mellal
Norway,Hamarkameratene
Greece,AOK Kerkyra
Portugal,Estoril
Georgia,FC Zugdidi
Wales,Afan Lido
Egypt,Asyut Petrol
France,Nice
Ireland,Galway United FC
Romania,Sportul Studentesc
Syria,Estonia
Turkey,Balıkesirspor
Qatar,Al-Duhail SC
Congo DR,Don Bosco SC
Cameroon,Eding Sport FC
Syria,Serbia
Lithuania,FK Šilas
Zimbabwe,ZPC Kariba
Moldova,Costuleni
Norway,Vålerenga
France,Amiens SC
Syria,Ivory Coast
El Salvador,CD Chalatenango
Israel,Maccabi Haifa FC
Uzbekistan,Metallurg Bekobod
Singapore,Tampines Rovers FC
Lithuania,FK Kauno Zalgiris
Argentina,Crucero del Norte
Colombia,Deportivo Pasto
Syria,Ghana
Egypt,Al-Ittihad Al-Sakandary
Zimbabwe,Chapungu United
Trinidad and Tobago,Caledonia AIA
Italy,ASD Spezia Calcio 2008
Haiti,Tempête
Thailand,Police United FC
India,United Sikkim F.C
Peru,Cusco FC
Zimbabwe,Buffaloes FC
Bulgaria,PFC Ludogorets 1945 Razgrad
Finland,Jyvaskyla JK
Congo DR,Babeti ya Sika
Indonesia,Persija Jakarta
Syria,Guatemala
Lebanon,Sporting Beirut
Egypt,ENPPI
England,Liverpool FC
Slovakia,Slovan Bratislava
Zambia,Chambishi FC
Puerto Rico,Caguas Huracán
South Korea,Daejeon Citizen
Angola,Benfica Luanda
Greece,Doxa Dramas
Russia,FC Krasnodar
Morocco,JSK Chabab Kasba Tadla
Ecuador,CD Olmedo
England,West Ham United
Libya,Al-Ittihad
Bosnia and Herzegovina,FK Tuzla City
Ireland,Drogheda United
Panama,Colón C-3
Ukraine,Dnipro Dnipropetrovsk
Congo DR,Likasi
Ecuador,Orense SC
Poland,FKS Stal Mielec
India,Lajong SC
India,Sporting Clube de Goa
Argentina,San Martín de Tucumán
Israel,Hapoel Hadera
Congo DR,Ibanda Sport
Turkey,Alanyaspor
Australia,Sydney FC
Estonia,Johvi FC Lokomotiv
Congo DR,Veti Club
China PR,Chongqing Liangjiang Athletic F.C.
England,Sheffield United FC
Switzerland,Neuchâtel Xamax
Uzbekistan,Qizilqum Zarafshon
Syria,Vietnam
Thailand,Army United
Qatar,Al-Wakra
Indonesia,PSPS Pekanbaru
Lebanon,Al Shabab Al Arabi Beirut
Canada,Toronto FC
India,Delhi Dynamos FC
Serbia,FK Inđija
Romania,Unirea Alba Iulia
Bulgaria,Botev Vratsa
Congo DR,Elima
Bulgaria,Haskovo 2009
Portugal,Olhanense
Congo DR,Saint-Luc
Syria,Sweden
Syria,Tahiti
Syria,United States
Norway,Viking FK
Syria,Japan
Scotland,Hibernian
Syria,Lebanon
Portugal,Penafiel
Norway,FK Haugesund
Sweden,Åtvidaberg
Serbia,FK Mladost Lučani
Uzbekistan,Buxoro
Switzerland,Bellinzona
India,DSK Shivajians
Uruguay,Club Deportivo Maldonado
Japan,Cerezo Osaka
Belgium,Kortrijk
Denmark,AaB
Mexico,Querétaro
Niger,NIGELEC
Serbia,OFK Beograd
Honduras,Social Sol
India,JCT FC
Morocco,Ittihad Tanger
Scotland,Rangers
Russia,Tom' Tomsk
Ukraine,Kryvbas
United Arab Emirates,Dubai Club
Italy,Cesena
Egypt,Pyramids FC
Costa Rica,LD Alajuelense
Morocco,Racing de Casablanca
Syria,Netherlands
Egypt,Aswan FC
Hungary,Ferencváros
Guatemala,Deportivo Heredia
Syria,Romania
Georgia,FC Tskhinvali
Peru,León de Huánuco
Paraguay,Sportivo Ameliano
Morocco,Ittihad Zemouri de Khemisset
Greece,Panetolikos
Syria,Croatia
Brazil,Ceará SC
Syria,Zambia
Kazakhstan,Tobol Kostanay
Niger,Zumunta
Indonesia,Persiraja Aceh
Zimbabwe,Triangle FC
Thailand,Wuachon United
Bolivia,Real Tomayapo
Serbia,Hajduk Kula
India,Dempo SC
Serbia,Mladi Radnik
Zambia,Buildcon
Peru,Sport Rosario (Huaraz)
Japan,Yokohama F. Marinos
India,Hindustan Aero
Romania,CSMS Iaşi
Moldova,CF Ungheni
Ecuador,Mushuc Runa SC
Uruguay,Peñarol
Vanuatu,Nalkutan FC
Nigeria,El Kanemi Warriors
Jamaica,Molynes United FC
Syria,Samoa
Turkey,Rizespor
England,Burnley
Cyprus,Pafos FC
Lithuania,FK Riteriai
Indonesia,Persebaya Surabaya
Zambia,Nkana FC
United States,Minnesota United
Latvia,Rigas Futbola skola
Argentina,Club Atlético Platense
Tunisia,EO Sidi Bouzid
Syria,Mali
Bosnia and Herzegovina,Olimpik Sarajevo
Montenegro,Jedinstvo BP
Cameroon,Renaissance de Ngoumou
France,GFC Ajaccio
Scotland,Livingston FC
Egypt,Ismaily SC
Nigeria,Nasarawa United
Zambia,Green Eagles
Egypt,El Nasr Tadeen
Venezuela,Mineros de Guayana
Lebanon,AL Tadamon Sour
Belgium,Standard Liège
Syria,England
Slovenia,Drava
Belgium,Gent
Germany,Freiburg
Solomon Islands,Henderson Eels
Serbia,Partizan Beograd
Colombia,Deportes Quindío
Belgium,KV Mechelen
Congo DR,New Soger
South Africa,Cape Town City FC
Israel,Beitar Jerusalem FC
Ghana,Asante Kotoko
Syria,Georgia
Colombia,Boyacá Chicó FC
Japan,FC Tokyo
Jamaica,Rivoli United
Serbia,Sloboda Užice
Ghana,Sogakope WAFA
Congo DR,Olympic Club
Angola,1º de Agosto
Guatemala,Deportivo Mixco
Argentina,Defensa y Justicia
Poland,Legia Warszawa
Ghana,Hearts of Oak
United Arab Emirates,Ajman Club
Japan,Oita Trinita
Bosnia and Herzegovina,Velež Mostar
Montenegro,Berane
Syria,Haiti
Thailand,Khon Kaen United FC
Ghana,Elmina Sharks
Colombia,Junior FC
Northern Ireland,Ballymena United
Syria,Tunisia
Syria,Switzerland
Poland,Piast Gliwice
South Korea,FC Seoul
Spain,Deportivo Xerez
Romania,FC Dunărea Călăraşi
Moldova,FC Academia Chisinau
Syria,Peru
Trinidad and Tobago,San Juan Jabloteh
Sudan,Al Hilal Kadougli
Spain,Real Sociedad
Angola,Académica do Soyo
Mali,AS Avenir de Tombouctou
Syria,Poland
Poland,Śląsk Wrocław
Indonesia,Semen Padang
Egypt,Petrojet
Netherlands,FC Twente
Nigeria,Wikki Tourist
Azerbaijan,Muğan
Slovakia,Dukla Banska Bystrica
Syria,Congo DR
Ireland,Athlone Town
Colombia,Cúcuta Deportivo
Denmark,AGF
Saudi Arabia,Al Taawon
Tahiti,Pirae
Cyprus,AEL Limassol
Brazil,Cuiaba
Brazil,Atlético PR
Slovenia,Nafta
Lithuania,Klaipedos Granitas
Wales,Flint Town United
Cyprus,APOP / Kinyras
South Korea,Seongnam FC
Algeria,Paradou AC
Thailand,Chiangrai United
Uruguay,Cerrito
Spain,Granada
Finland,VPS
Ireland,Cork City
Japan,JEF United
Mali,AS Réal Bamako
Zimbabwe,Gunners
Germany,Werder Bremen
Algeria,JSM Skikda
Ireland,Wexford Youths
England,Birmingham City
Netherlands,Go Ahead Eagles
Japan,Sanfrecce Hiroshima
United Arab Emirates,Al Shabab
Syria,Finland
Turkey,MP Antalyaspor
Ecuador,River Plate Ecuador
Cyprus,APOEL Nicosia
Montenegro,Rudar Pljevlja
Northern Ireland,Cliftonville
Armenia,FC Alashkert
Italy,Parma Calcio 1913
Estonia,Tallinna JK Legion
Congo DR,Dragons
Mexico,Indios
Macedonia,FK Horizont Turnovo
Zimbabwe,Highlanders
Hong Kong,Kitchee
Norway,Kristiansund BK
Estonia,Flora Tallinn
Papua New Guinea,Lae City Dwellers
South Africa,Chippa United
Congo DR,Capaco
Peru,Comerciantes Unidos
England,Huddersfield Town
Panama,Chepo FC
Bulgaria,Dunav Ruse
Belarus,FC Smorgon
Spain,Almería
Germany,Augsburg
Zimbabwe,Bulawayo Chiefs
Israel,Sektzia Ness Ziona FC
Algeria,MC El Eulma
Bolivia,Nacional Potosí
Denmark,København
Serbia,Mačva Šabac
Costa Rica,Sporting San José FC
Syria,Romania
Northern Ireland,Newry City AFC
United States,Houston Dynamo
Thailand,Suphanburi FC
Ireland,Finn Harps
Serbia,Vojvodina
Nigeria,Zamfara United FC
Costa Rica,CS Uruguay
Syria,Belarus
Colombia,Uniautónoma FC
Greece,Kavala
Romania,Universitatea Craiova
Lithuania,Zalgiris Vilnius
Syria,China PR
Nigeria,Delta Force FC
Uruguay,Club Atletico Progreso
Slovenia,NŠ Mura
Azerbaijan,Keşlə Futbol Klubu
Syria,Senegal
France,Auxerre
Jamaica,Portmore United FC
Cameroon,Young Sport Academy Bamenda
Finland,FC Inter Turku (FIN)
Belarus,FC Brest
Venezuela,Trujillanos FC
Ireland,Dundalk FC
Sweden,Malmö FF
Spain,Racing Santander
Slovenia,NK Bravo
Estonia,Paernu Linnameeskond
Netherlands,De Graafschap
China PR,Qingdao Jonoon
El Salvador,Atlético Balboa
Fiji,Nadi
South Korea,Gangwon FC
Morocco,Chabab Atlas Khénifra
Egypt,National Bank
Lebanon,AL Ahed
Sudan,Jazeerat Al Feel
India,Atlético de Kolkata
Zimbabwe,Shooting Stars
United Arab Emirates,Al Fujairah
Congo DR,Blessing FC
Cyprus,Ethnikos Achnas
Romania,CFR Cluj
United Arab Emirates,Al Ittihad Kalba
Panama,SD Atletico Nacional
Belarus,FK Gorodeya
Congo DR,Bantous
Finland,Ilves
England,Aston Villa
Serbia,Radnički 1923 Kragujevac
Mexico,Leones Negros U. de G.
Cyprus,Ermis Aradippou
Wales,Barry Town United FC
Zimbabwe,Njube Sundowns
Canada,Forge FC
Spain,Hércules
England,Hull City
Syria,Chile
Chile,Unión La Calera
Spain,Levante
Macedonia,Fk Metalurg Skopje
Austria,SK Austria Klagenfurt
Switzerland,Sion
Italy,Empoli FC
United States,Los Angeles FC
Syria,Northern Ireland
Ghana,Medeama SC
Thailand,Esan United
Qatar,El Jaish (Doha)
Syria,Spain
Ukraine,Karpaty Lviv
Tahiti,Tiare Tahiti
France,Valenciennes
Libya,Al Ahly Benghazi
Algeria,NA Hussein Dey
Kazakhstan,Akzhaiyk Uralsk
Denmark,SønderjyskE
Cyprus,Alki
Turkey,Fenerbahçe
Peru,CD UT Cajamarca
Georgia,FC Dinamo Batumi
Syria,Kenya
Croatia,Rijeka
India,Kenkre FC
Spain,Getafe
Iran,Naft Masjed Soleyman FC
Serbia,Napredak
Mali,AS Nianan
Saudi Arabia,Najran SC
Saudi Arabia,AL Hazem FC
China PR,Shanghai Port F.C.
Cameroon,Roumde Adjia
Latvia,SK Super Nova
Moldova,FC Saxan
Italy,U.S. Salernitana 1919
Nigeria,Ocean Boys FC
Finland,Haka
Uzbekistan,Mash'al Muborak
Estonia,Ajax Lasnamäe
Syria,Slovakia
Italy,Cagliari
Kazakhstan,Zhetysu Taldykorgan
Jordan,Al-Salt
Jamaica,Waterhouse FC
India,Sudeva Delhi FC
Saudi Arabia,Al Wahda
Nicaragua,FOX Villa FC
Vietnam,Viettel Football Club
Belgium,R.F.C. Seraing
Congo DR,Ajax
Belarus,FC Minsk
Puerto Rico,Carolina Gigantes
Syria,Tanzania
Sweden,Joenkoepings Soedra
United Arab Emirates,Dibba Al-Fujairah Club
Uruguay,Sud América
Thailand,Air Force Central FC
Czech Republic,Jablonec
Syria,Argentina
Spain,Atlético Madrid
Syria,Thailand
United States,DC United
Ireland,Sligo Rovers
Belgium,Germinal Beerschot
Lebanon,Shabab Al Sahel
Serbia,FK Kolubara
Israel,Hapoel Tel Aviv
Uzbekistan,FK Guliston
Sweden,AFC Eskilstuna
South Africa,AmaZulu FC
Ukraine,Volyn
Thailand,Nong Bua Pitchaya FC
Montenegro,FK Podgorica
Angola,Porcelana FC
Cyprus,Doxa Katokopia
Georgia,Dinamo Tbilisi
Azerbaijan,Qäbälä
Honduras,CD Real de Minas
Iran,Paykan F.C.
Germany,Hertha BSC
Uruguay,Rentistas
Estonia,Lootus
Trinidad and Tobago,Club Sando
Cyprus,Anorthosis
Argentina,Talleres de Cordoba
Mali,Sigui
Thailand,Songkhla United FC
Angola,Saurimo FC
Congo DR,Etoile du Kivu
Kazakhstan,Atyrau
Indonesia,Pusamania Borneo FC
South Africa,Ajax Cape Town
Syria,Bosnia and Herzegovina
Guatemala,Universidad de San Carlos
Saudi Arabia,AL Ettifaq FC
Turkey,Beşiktaş
Egypt,Al Sharkeyah
New Zealand,Hamilton Wanderers Afc
India,United Sports Club
Latvia,FK Jelgava
Russia,Yenisey Krasnoyarsk
Congo DR,Muungano
Poland,Korona Kielce
Paraguay,Sportivo Luqueño
United States,Seattle Sounders FC
Serbia,Jagodina
Thailand,Port F.C.
Georgia,FC Samtredia
Luxembourg,CS Fola Esch
United States,Portland Timbers
India,Real Kashmir FC
Puerto Rico,Fajardo
Morocco,Hassania Agadir
Portugal,Chaves
South Africa,Mamelodi Sundowns FC
Guatemala,Santa Lucia Cotzumalguapa
Argentina,Atlético Rafaela
Syria,Cyprus
Australia,Melbourne Victory
Algeria,Annaba
Belarus,FC Arsenal Dzerzhinsk
Jamaica,Boys' Town
Honduras,Lobos UPNFM
Serbia,BSK Borča
Netherlands,Sparta Rotterdam
Jamaica,Harbour View
Angola,Kabuscorp SCP
Argentina,Independiente
Sweden,Kalmar FF
Cameroon,Unisport FC Du Haut-Nkam
Puerto Rico,Academia Quintana
Congo DR,Matiti Mabe
Iran,Saipa FC
Trinidad and Tobago,Cunupia FC
Syria,Latvia
Montenegro,FK Jezero Plav
Ghana,Karela United FC
Algeria,US Biskra
Turkey,Gaziantepspor
Belarus,Granit Mikashevichi
Mali,Jeanne d'Arc de Bamako
Poland,MZKS Arka Gdynia
Israel,Maccabi Petah Tikva
Russia,Amkar Perm'
Macedonia,Renova
Argentina,Quilmes
Mali,Atar Club
Cook Islands,Puaikura
Azerbaijan,Khazar Lankaran FK
Serbia,FK Zemun
Japan,Shimizu S-Pulse
Congo DR,Rojolu
Iran,Persepolis
Syria,South Korea
Switzerland,FC Vaduz
Scotland,Dunfermline Athletic
Wales,Haverfordwest County
Netherlands,NEC Nijmegen
Belgium,KV Oostende
Sudan,Hilal Al-Obayed
Lebanon,Al-Bourj FC
Peru,Cienciano
India,Kalyani Bharat FC
Thailand,Siam Navy FC
Ivory Coast,CO Bouafle
Guatemala,Deportivo Malacateco
Hungary,MTK Budapest
Italy,Torino
El Salvador,UES
Nigeria,Lobi Stars
Netherlands,FC Groningen
Jamaica,Reno FC
Thailand,Samut Songkram
Portugal,CS Marítimo Madeira
Syria,Vanuatu
Syria,Cameroon
New Zealand,Team Wellington
Indonesia,Gresik United FC
Portugal,Gil Vicente FC
Nigeria,Yobe Desert Stars
Austria,Grödig
Burundi,LLB Académic
Croatia,HNK Gorica
United Arab Emirates,Al-Ain FC
Sudan,Al-Mergheni
Ghana,Mighty Jets
Portugal,União de Leiria
Syria,Zimbabwe
England,Portsmouth
Tunisia,Grombalia Sports
Lithuania,FC Stumbras
France,Le Mans
Poland,Odra Wodzisław
Angola,Progresso Associação do Sambizanga
Sweden,Degerfors IF
Hungary,Debrecen
Paraguay,Independiente FBC (Campo Grande)
Mali,Onze Créateurs
China PR,Shijiazhuang Ever Bright
Syria,Guyana
Greece,Olympiakos
Nigeria,Crown FC
South Africa,Free State Stars
Honduras,Hispano
Jamaica,UWI FC
Mexico,León
Thailand,Khonkaen
Thailand,Chonburi FC
Bolivia,The Strongest
Azerbaijan,Standard
Ivory Coast,Racing Club d'Abidjan
Syria,Puerto Rico
Bosnia and Herzegovina,Borac Banja Luka
China PR,Hebei F.C.
Portugal,Moreirense
Wales,Caersws
Syria,Denmark
Belarus,FK Vitebsk
Colombia,Real Cartagena
Bolivia,La Paz
Qatar,Al Ahli
Brazil,Atlético Goianiense
Venezuela,Academia Puerto Cabello
United Arab Emirates,Baniyas
Zambia,Kalulushi Modern Stars
Zimbabwe,Black Mambas
Niger,USGN
Lithuania,FK Utenis Utena
Algeria,Olympique de Medea
Puerto Rico,River Plate PR
Colombia,CD Jaguares
Haiti,Arcahaie FC
Peru,Club Atlético Grau
Indonesia,Kalteng Putra
Syria,Moldova
Jamaica,Mount Pleasant FC
England,Stoke City
Ireland,Limerick
Belize,Verdes FC
Greece,Panionios
Iran,Nassaji Mazandaran
Zimbabwe,Motor Action
Georgia,FC Rustavi
Peru,Sport Boys
Romania,FC U Craiova 1948
Cyprus,Anagennisi Deryneia
Zimbabwe,Zimbabwe Saints
Wales,Caernarfon
Russia,FK Rostov
Germany,St. Pauli
Chile,Coquimbo Unido
Zimbabwe,Dynamos
Mexico,Monarcas Morelia
Japan,Omiya Ardija
Wales,Port Talbot
England,Middlesbrough
Bolivia,San José
England,Brentford FC
Czech Republic,Viktoria Žižkov
Congo DR,Jeunesse Sportive de Kinshasa
Zimbabwe,Yadah FC
Montenegro,Dečić
Bolivia,Blooming
Egypt,Misr El Makasa
Syria,Japan
Mexico,Dorados Sinaloa
Portugal,FC Vizela
New Caledonia,Mont-Dore
Finland,MyPa
Mali,Stade Malien Sikasso
Panama,Río Abajo
Uzbekistan,FK Turan
Chile,Rangers
Sudan,Al-Ahli Atbara
Greece,OFI Crete
Bulgaria,Minyor Pernik
Bolivia,Independiente Petrolero
Northern Ireland,Portadown FC
Syria,Trinidad and Tobago
Sweden,GIF Sundsvall
Colombia,Millonarios
Ivory Coast,JC Abidjan
Japan,Urawa Red Diamonds
Chile,Deportes La Serena
Latvia,Ventspils
India,TRAU F.C.
England,Chelsea FC
Bulgaria,Pirin Gotse Delchev
United States,San Jose Earthquakes
Algeria,Aïn Fakroun
Syria,Iran
Vanuatu,Erakor Golden Star
Estonia,FC Kuressaare
Turkey,Adanaspor
Netherlands,Willem II
Ghana,Legon Cities FC
Uruguay,Defensor Sporting
Bosnia and Herzegovina,Željezničar
Czech Republic,Kladno
Syria,Norway
Scotland,St. Mirren
Jordan,Al-Jazeera Amman
Spain,Barcelona
Norway,FK Jerv
Mali,Bakaridjan de Barouéli
Moldova,FC Floreşti
Kazakhstan,Sunkar
Hungary,Mezőkövesd-Zsóry
Slovenia,NK Krka
Syria,Solomon Islands
Indonesia,Persik Kediri
Argentina,Tigre
Argentina,Godoy Cruz Antonio Tomba
Senegal,Diaraf
Syria,Bosnia and Herzegovina
Croatia,NK Varaždin
Syria,Italy
Bulgaria,FC Arda Kardzhali
Slovenia,Rudar Velenje
Belgium,Lierse
France,Lille
Syria,Angola
Morocco,Maghreb Fès
Sweden,IFK Norrköping
Syria,Switzerland
Syria,El Salvador
Zambia,Red Arrows
Ecuador,Independiente
Italy,Venezia FC
Uzbekistan,Nasaf Qarshi
Montenegro,Budućnost
Puerto Rico,Bayamón FC
Ghana,Ebusua Dwarfs
Germany,Hannover 96
Cameroon,Pwd Bamenda
Nicaragua,Deportivo Las Sabanas
Syria,Jordan
Algeria,JSM Béjaïa
Honduras,Motagua
Nicaragua,Real Estelí
Japan,Matsumoto Yamaga
Georgia,FC Sioni Bolnisi
Algeria,RC Relizane
Japan,Albirex Niigata
Greece,PAS Giannina
Panama,Árabe Unido
Netherlands,FC Dordrecht
Chile,Universidad de Chile
Romania,Juventus Bucureşti
Iran,Gahar Zagros
Belgium,Lokeren
Ukraine,FK Zirka Kirovohrad
Syria,Hong Kong
Solomon Islands,Koloale
Ecuador,Cumbayá FC
Papua New Guinea,Madang
Slovenia,Interblock
Ivory Coast,Usc Bassam
Poland,Polonia Bytom
France,Saint-Étienne
Ecuador,Barcelona SC
Syria,Denmark
Saudi Arabia,Al-Faisaly FC Harmah
Belgium,Westerlo
Turkey,Göztepe AŞ
Italy,SSC Napoli
Nigeria,Gateway FC
Moldova,Nistru
China PR,Dalian Professional FC
Ukraine,Metalurh Zaporizhya
Syria,Mozambique
Kazakhstan,FC Maktaaral
Venezuela,Carabobo FC
Algeria,NC Magra
Indonesia,Bhayangkara FC
Israel,Bnei Yehuda Tel Aviv FC
Mali,Duguwolofila
Morocco,Jeunesse Sportive Soualem
Ghana,Bechem United
Honduras,CD Vida
Chile,Santiago Wanderers
Tunisia,AS Kasserine
Cameroon,Stade Renard de Melong
India,Punjab Football Club
Syria,Colombia
Angola,Cabinda
Azerbaijan,Turan Tovuz
Syria,Kenya
Nicaragua,Juventus Managua
Jamaica,Sporting Central Academy
Chile,Santiago Morning
Syria,Latvia
Estonia,Warrior
Paraguay,Nacional Asunción
Bolivia,Club Petrolero
Slovenia,NK Krsko
Bosnia and Herzegovina,Gradina Srebrenik
Syria,Sudan
Netherlands,RKC Waalwijk
Mozambique,Ferroviário da Beira
Cameroon,Aigle Royal
Costa Rica,Pérez Zeledón
Egypt,El Minya
Estonia,FC Infonet Tallinn
Nigeria,Dolphins FC
Ukraine,FC Kolos Kovalivka
Bosnia and Herzegovina,Vitez
Austria,FC Pasching
Portugal,Académica
Romania,Rapid Bucureşti
Belarus,FC Ruh Brest
Panama,Deportivo del Este
Syria,Ecuador
South Africa,Marumo Gallants FC
Trinidad and Tobago,Point Fortin FC
Panama,Atlético Chiriquí
Ghana,Brong Ahafo Stars
Russia,Khimki
Algeria,JS Kabylie
Austria,SKN Sankt Pölten
Mexico,Club Tijuana
Russia,Sibir Novosibirsk
Tunisia,CS Hammam-Lif
Cyprus,Othellos Athienou FC
Sudan,Al Ahli Khartoum
Syria,Hungary
Uzbekistan,Lokomotiv Tashkent
Indonesia,Persib Bandung
Syria,Luxembourg
Nicaragua,Art Municipal Jalapa
Uzbekistan,Obod
Syria,Costa Rica
Saudi Arabia,Al-Khaleej Club
South Africa,Highlands Park
Belgium,Club Brugge
Congo DR,Sanga Balende
England,Manchester United
Zimbabwe,Highway
Cyprus,Olympiakos Nicosia
Niger,Urana
Ukraine,Stal Kamianske
South Korea,Suwon Bluewings
Costa Rica,Santos de Guápiles
Lebanon,Tripoli AC
Syria,Saudi Arabia
South Korea,Ulsan Hyundai
Finland,FC KTP
Macedonia,Pobeda
Nicaragua,Managua FC
Bosnia and Herzegovina,FK Zvijezda 09
Italy,Carpi
Cameroon,Tiko United
Thailand,Chainat FC
Moldova,Tiraspol
Kazakhstan,Taraz
Algeria,DRB Tadjenanet
Georgia,FC Guria Lanchkhuti
Mali,Office Niger Sports
Bulgaria,Marek Dupnitsa
Slovakia,Zlate Moravce
Azerbaijan,AZAL PFC Baku
United States,Columbus Crew
Russia,Spartak Moskva
Zimbabwe,WhaWha
China PR,Beijing Guoan
Thailand,JL Chiangmai United FC
Morocco,RSB Berkane
Zambia,Nkwazi
Indonesia,Bali United
Zimbabwe,Herentals FC
Czech Republic,Slavia Prague
Syria,Austria
Bulgaria,Lokomotiv Gorna Oryahovitsa
Turkey,Altay S.K.
Mexico,CF Pachuca
Russia,SKA-Khabarovsk
Romania,Victoria Branesti
Russia,FC Nizhny Novgorod
Romania,Voinţa Sibiu
Zimbabwe,Black Rhinos
Syria,Burundi
Congo DR,Virunga
Germany,Borussia Dortmund
Nigeria,Abia Warriors
Niger,Espoir
Morocco,FUS Rabat
Bulgaria,Vidima-Rakovski
Uruguay,C.A. Cerro
Sudan,Al-Merreikh
Argentina,San Lorenzo de Almagro
South Africa,Orlando Pirates
Slovenia,Gorica
Zambia,Lusaka Dynamos
Switzerland,Luzern
Northern Ireland,Ballinamallard United
Syria,South Africa
Denmark,Odense Boldklub
Mexico,Monterrey
Venezuela,Urena SC
Iran,Sepidrood Rasht SC
Costa Rica,AD Guanacasteca
Bulgaria,Montana
Honduras,Real Sociedad
Denmark,Nordsjælland
Syria,Ethiopia
Colombia,Leones FC
Congo DR,Tshinkunku
South Africa,Platinum Stars
Slovakia,Košice
Hungary,Dunaújváros Pálhalma SE
Morocco,JSM Laâyoune
Mali,AS Eliwidj FC
Algeria,MO Béjaia
Brazil,Fluminense FC
Papua New Guinea,Eastern Stars
Uruguay,El Tanque Sisley
Italy,Genoa
Cameroon,UMS de Loum
Thailand,PTT Rayong FC
Scotland,Partick Thistle
Italy,Fiorentina
Poland,Widzew Łódz
England,Blackburn Rovers F.C.
Romania,Politehnica Iaşi
El Salvador,Alianza FC
Chile,San Luis
Belarus,FC Energetik-BGU Minsk
Panama,CD Plaza Amador
Paraguay,Rubio Ñú
Azerbaijan,Araz PFK
Jordan,FC Ma'an
Qatar,Qatar SC
Czech Republic,Slovácko
Croatia,Hajduk Split
Moldova,FC Rapid Ghidighici
Northern Ireland,Linfield
Spain,Girona
Syria,Belize
France,Nîmes Olympique
Iran,Machine Sazi FC
Venezuela,Tucanes FC
Israel,Hapoel Haifa
Cyprus,Nea Salamis
Russia,Mordovia Saransk
Bulgaria,Etar
Syria,Hong Kong
Poland,Cracovia Kraków
Egypt,Smouha SC
Russia,FC Ural
Wales,Rhyl
Israel,Ironi Ramat HaSharon
Costa Rica,Guadalupe FC
Turkey,Eskişehirspor
Syria,Portugal
Congo DR,Vutuka
Czech Republic,Mladá Boleslav
Scotland,Motherwell
Turkmenistan,Ahal FK
Scotland,Ross County
Cameroon,Tonnerre Kalara Club
Netherlands,AZ Alkmaar
Syria,Azerbaijan
Ivory Coast,ASEC Mimosas
Estonia,FCI Levadia Tallinn
Argentina,All Boys
Trinidad and Tobago,Atheltic Club Port of Spain
Georgia,Saburtalo
Spain,Real Madrid
Macedonia,Makedonija Gjorče Petrov
Syria,Montenegro
Iran,Aluminium Arak
Bosnia and Herzegovina,Travnik
Italy,Atalanta
Belgium,Royal Antwerp FC
Romania,FC Chindia Târgovişte
Northern Ireland,Dungannon Swifts
New Zealand,Young Heart Manawatu
Jordan,Al-Sareeh SC
Ireland,Shamrock Rovers
Guatemala,CD Petapa
Tunisia,JS Kairouanaise
Russia,Volga Nyzhnyi
Greece,Aris Thessaloniki FC
Sweden,Falkenbergs FF
Syria,Kuwait
Belgium,Eupen
Argentina,San Martín San Juan
Morocco,AS Salé
Italy,AC Milan
Ukraine,FC Arsenal Kiev
Tanzania,Simba SC
Venezuela,Metropolitanos FC
United States,New York City FC
Qatar,Al-Sadd
Brazil,Santo André
Egypt,Al Ahly
Bolivia,CA Palmaflor
Mali,USFAS Bamako
Panama,Sporting San Miguelito
Zambia,Zanaco
France,Toulouse
Cameroon,Université Ngaoundéré
Niger,Alkali Nassara
Kuwait,Kuwait SC
Syria,Tajikistan
Kazakhstan,Spartak Semey
Syria,Egypt
Peru,Asociación Deportiva Tarma (ADT)
Norway,SK Brann
Sweden,GAIS
Saudi Arabia,Al Ittihad
Brazil,Santa Cruz
Venezuela,Atletico Socopo
Venezuela,Caroní
Romania,Corona Braşov
France,Montpellier
France,Brest
Zambia,Kabwe Warriors
Qatar,Al-Sailiya
Norway,Sogndal
Israel,Hapoel Jerusalem
Portugal,Naval 1º de Maio
Australia,Wellington Phoenix
Luxembourg,F91 Dudelange
China PR,Wuhan F.C.
Brazil,São Paulo
Syria,Qatar
Jamaica,Cavaliers FC
Syria,United Arab Emirates
Iran,Havadar S.C.
Chile,Curicó Unido
Syria,Qatar
Thailand,BBCU FC
Guatemala,Suchitepéquez
Tunisia,AS Rejiche
Bosnia and Herzegovina,Radnik Bijeljina
Wales,Llanelli
Uzbekistan,Sogdiyona Jizzax
Portugal,FC Famalicão
India,Air India
Ecuador,Macará
Greece,Panserraikos
Morocco,Wydad Casablanca
Ivory Coast,Séwé
Indonesia,Persiram Raja Ampat
Uruguay,Plaza Colonia
Niger,Akokana
South Korea,Gimcheon Sangmu FC
Indonesia,Sriwijaya FC
Italy,Sassuolo
Syria,Georgia
Mexico,Atlético San Luis
Sweden,Assyriska
Netherlands,Vitesse
Syria,Venezuela
Bulgaria,Pirin Blagoevgrad
Albania,Partizani Tirana
Iran,Sepahan
Macedonia,Napredok
Romania,AFC UTA Arad
Ukraine,Metalist Kharkiv
Australia,Gold Coast United
Syria,Samoa
Algeria,USM Alger
Bosnia and Herzegovina,Metalleghe BSI
Sudan,Al Amir
Syria,Iceland
Honduras,Necaxa
Japan,Kawasaki Frontale
Zambia,Nchanga Rangers
El Salvador,Vista Hermosa
Zimbabwe,How Mine
Indonesia,Persitara Jakarta
Syria,Burundi
Hungary,Eger
Latvia,FB Gulbene
Romania,Oţelul Galaţi
Botswana,Gaborone United
Tajikistan,FK Istiqlol Dushanbe
Lebanon,AL Ansar SC
Bulgaria,Lokomotiv Plovdiv
Romania,CS Mioveni
Scotland,Hamilton Academical
Argentina,Estudiantes de la Plata
Italy,SPAL 2013
Costa Rica,Deportiva San Carlos
Saudi Arabia,AL Adalh FC
Syria,Canada
Greece,Xanthi FC
Mexico,Jaguares Chiapas
Venezuela,Deportivo Táchira
India,Gokulam Kerala Fc
Greece,Ionikos
Northern Ireland,Coleraine
Finland,PK-35 Vantaa
Sudan,Hay Al Arab
Bulgaria,Vereya
Saudi Arabia,Al Ansar FC (Medina)
Togo,KCCA FC
Bulgaria,Slavia Sofia
Turkey,Akhisar Belediye
Brazil,Red Bull Bragantino SP
Zambia,NAPSA Stars FC
Estonia,Narva Trans
Syria,Sudan
Montenegro,FK Iskra
Belarus,BATE Borisov
Paraguay,Club River Plate
Azerbaijan,Sabah FK
Slovakia,Trenčín
Japan,Shonan Bellmare
South Korea,Jeonbuk FC
Qatar,AL Gharafa
China PR,Yanbian
Cameroon,Fauve Azur Elite FC
Czech Republic,Ústí nad Labem
Jordan,Al-Faisaly SC Amman
Syria,Niger
Ghana,Berekum Arsenal
Syria,Togo
New Caledonia,AS Magenta
Iran,Meshki Pooshan Football Club
Netherlands,Feyenoord
Jordan,Kfarsoum
Argentina,River Plate
Syria,New Caledonia
Morocco,SC Chabab Mohammédia
Poland,Ruch Chorzów
Belarus,FC Dnyapro Mogilev
Belarus,Dinamo Minsk
Uruguay,Fénix
Colombia,Tolima
Macedonia,FK Gostivar
Slovakia,Nitra
China PR,Beijing Renhe
Kazakhstan,FK Kaspiy Aktau
Egypt,Haras El-Hodood SC
Nigeria,Katsina United
Belgium,KRC Genk
Peru,Universidad San Martín de Porres
Ivory Coast,Sabé
Syria,Estonia
Georgia,FC Kolkheti-1913 Poti
Norway,Strømsgodset
Algeria,MSP Batna
Morocco,CODM Meknès
Zambia,Konkola Mine Police
Israel,Hapoel Rishon LeZion
Slovenia,Aluminij
Hungary,Kaposvári Rákóczi
Sweden,Mjällby AIF
Wales,Bangor City
Estonia,Pärnu JK Vaprus
Belarus,Partizan Minsk
Ukraine,Metalist 1925 Kharkiv
Serbia,FK Spartak Subotica
Sudan,Al Rabta Kosti
Poland,Podbeskidzie Bielsko-Biala
Nigeria,Bendel Insurance
Syria,Iraq
Macedonia,Rabotnički
Finland,FF Jaro
Ukraine,FK Mariupol Illichivets'
Zimbabwe,WWS Rangers
Sweden,Örgryte
Tahiti,Central Sport
Georgia,Merani Martvili
Syria,Australia
Turkey,Sivasspor
Moldova,FC Codru Lozova
Russia,Zenit St. Petersburg
Syria,Mozambique
Germany,SC Paderborn 07
England,Bolton Wanderers
Egypt,El Mansura
Norway,Odds Ballklubb
Syria,Botswana
Syria,Netherlands
Venezuela,Yaracuyanos FC
Italy,Frosinone
Austria,LASK Linz
Serbia,Novi Pazar
Brazil,América Mineiro
Northern Ireland,Glentoran
United Arab Emirates,Al Urooba Club
Hungary,Szolnoki MÁV
Syria,Turkey
Iraq,Al Quwa Al Jawiya
Cameroon,Astres FC de Douala
Syria,Ethiopia
Congo DR,Nkoy
Bulgaria,Botev Plovdiv
Netherlands,Ajax Amsterdam
South Korea,Pohang Steelers
Syria,Macedonia
Canada,Vancouver Whitecaps
Sudan,Al-Nil
Jordan,Mansheyat Bani Hasan
Wales,Porthmadog
Morocco,MCO Oujda
England,Reading
Greece,Levadiakos
Congo DR,AS Nika
Paraguay,Resistencia Sport Club
United States,Philadelphia Union
Hungary,Siófok
Guatemala,Deportivo Chiantla
United States,FC Cincinnati
Norway,Lillestrøm
Ukraine,Hoverla Uzhhorod
Nigeria,Niger Tornadoes
Czech Republic,Opava
Zimbabwe,Hardbody
Indonesia,Persikabo 1973 (INA)
Belgium,Royal Excel Mouscron Péruwelz
Chile,Deportes Iquique
Moldova,Dacia Chisinau
France,Boulogne
Ukraine,FK Desna Chernihiv
Cameroon,Union Sportive de Douala
Greece,Veria FC
Puerto Rico,Puerto Rico Islanders
Switzerland,FC Basel
Austria,Mattersburg
Costa Rica,Club Sport Herediano
Syria,New Zealand
Ireland,Monaghan United
France,Rennes
Colombia,Tigres FC
Russia,FC Torpedo Moscow
Croatia,Karlovac
Croatia,Medimurje
Guatemala,Mictlán
Macedonia,FK Belasica Strumica
Mali,AS Bamako
Vietnam,Hoang Anh Gia Lai
Syria,Slovakia
Wales,Connah's Quay
Lithuania,Banga Gargzdai
Argentina,Aldosivi
Honduras,Juticalpa
Thailand,Thai Honda